1	Aug 26, 2016	10:00 PM	Fri	California	51	N	Hawaii	31	ANZ Stadium - Sydney, AUS	2	Sep 1, 2016	7:00 PM	Thu	Central Michigan	49		Presbyterian	3	Kelly/Shorts Stadium - Mount Pleasant, Michigan	2	Sep 1, 2016	7:00 PM	Thu	Cincinnati	28		Tennessee-Martin	7	Nippert Stadium - Cincinnati, Ohio	2	Sep 1, 2016	7:00 PM	Thu	Connecticut	24		Maine	21	Rentschler Field - East Hartford, Connecticut	2	Sep 1, 2016	9:00 PM	Thu	Idaho	20		Montana State	17	Kibbie Dome - Moscow, Idaho	2	Sep 1, 2016	7:30 PM	Thu	Indiana	34	@	Florida International	13	FIU Stadium - Miami, Florida	2	Sep 1, 2016	7:00 PM	Thu	(19) Louisville	70		Charlotte	14	Papa John's Cardinal Stadium - Louisville, Kentucky	2	Sep 1, 2016	9:00 PM	Thu	Minnesota	30		Oregon State	23	TCF Bank Stadium - Minneapolis, Minnesota	2	Sep 1, 2016	10:00 PM	Thu	Nevada-Las Vegas	63		Jackson State	13	Sam Boyd Stadium - Las Vegas, Nevada	2	Sep 1, 2016	9:00 PM	Thu	New Mexico	48		South Dakota	21	University Stadium - Albuquerque, New Mexico
2	Sep 1, 2016	7:30 PM	Thu	North Carolina State	48		William & Mary	14	Carter Finley Stadium - Raleigh, North Carolina	2	Sep 1, 2016	8:00 PM	Thu	South Carolina	13	@	Vanderbilt	10	Vanderbilt Stadium - Nashville, Tennessee	2	Sep 1, 2016	7:30 PM	Thu	(9) Tennessee	20		Appalachian State	13	Neyland Stadium - Knoxville, Tennessee	2	Sep 1, 2016	8:00 PM	Thu	Utah	24		Southern Utah	0	Rice-Eccles Stadium - Salt Lake City, Utah	2	Sep 1, 2016	8:00 PM	Thu	Utah State	45		Weber State	6	Merlin Olsen Field at Maverik Stadium - Logan, Utah	2	Sep 1, 2016	7:00 PM	Thu	Wake Forest	7		Tulane	3	BB&T Field - Winston-Salem, North Carolina	2	Sep 1, 2016	8:00 PM	Thu	Western Kentucky	46		Rice	14	Houchens Industries-L.T. Smith Stadium - Bowling Green, Kentucky	2	Sep 2, 2016	7:00 PM	Fri	Albany	22	@	Buffalo	16	University of Buffalo Stadium - Buffalo, New York	2	Sep 2, 2016	7:00 PM	Fri	Army	28	@	Temple	13	Lincoln Financial Field - Philadelphia, Pennsylvania	2	Sep 2, 2016	7:00 PM	Fri	Ball State	31	@	Georgia State	21	Georgia Dome - Atlanta, Georgia
2	Sep 2, 2016	7:30 PM	Fri	(23) Baylor	55		Northwestern State	7	McLane Stadium - Waco, Texas	2	Sep 2, 2016	8:00 PM	Fri	Colorado	44	N	Colorado State	7	Sports Authority Field - Denver, Colorado	2	Sep 2, 2016	6:00 PM	Fri	Eastern Michigan	61		Mississippi Valley State	14	Rynearson Stadium - Ypsilanti, Michigan	2	Sep 2, 2016	7:00 PM	Fri	(12) Michigan State	28		Furman	13	Spartan Stadium - East Lansing, Michigan	2	Sep 2, 2016	9:30 PM	Fri	Nevada	30		Cal Poly	27	MacKay Stadium - Reno, Nevada	2	Sep 2, 2016	9:00 PM	Fri	(8) Stanford	26		Kansas State	13	Stanford Stadium - Stanford, California	2	Sep 2, 2016	7:00 PM	Fri	Syracuse	33		Colgate	7	Carrier Dome - Syracuse, New York	2	Sep 2, 2016	9:00 PM	Fri	Toledo	31	@	Arkansas State	10	Centennial Bank Stadium - Jonesboro, Arkansas	2	Sep 3, 2016	2:00 PM	Sat	Air Force	37		Abilene Christian	21	Falcon Stadium - Colorado Springs, Colorado	2	Sep 3, 2016	6:30 PM	Sat	Akron	47		Virginia Military Institute	24	InfoCision Stadium - Akron, Ohio
2	Sep 3, 2016	8:00 PM	Sat	(1) Alabama	52	N	(20) Southern California	6	AT&T Stadium - Arlington, Texas	2	Sep 3, 2016	11:00 PM	Sat	Arizona State	44		Northern Arizona	13	Sun Devil Stadium - Tempe, Arizona	2	Sep 3, 2016	4:00 PM	Sat	Arkansas	21		Louisiana Tech	20	Donald W. Reynolds Razorback Stadium - Fayetteville, Arkansas	2	Sep 3, 2016	12:00 PM	Sat	Boise State	45	@	Louisiana	10	Cajun Field - Lafayette, Louisiana	2	Sep 3, 2016	10:30 PM	Sat	Brigham Young	18	N	Arizona	16	University of Phoenix Stadium - Glendale, Arizona	2	Sep 3, 2016	7:00 PM	Sat	Central Florida	38		South Carolina State	0	Bright House Networks Stadium - Orlando, Florida	2	Sep 3, 2016	9:00 PM	Sat	(2) Clemson	19	@	Auburn	13	Jordan Hare Stadium - Auburn, Alabama	2	Sep 3, 2016	6:00 PM	Sat	Duke	49		North Carolina Central	6	Wallace Wade Stadium - Durham, North Carolina	2	Sep 3, 2016	6:00 PM	Sat	East Carolina	52		Western Carolina	7	Dowdy-Ficklen Stadium - Greenville, North Carolina	2	Sep 3, 2016	8:00 PM	Sat	Eastern Washington	45	@	Washington State	42	Martin Stadium - Pullman, Washington
2	Sep 3, 2016	7:30 PM	Sat	(25) Florida	24		Massachusetts	7	Ben Hill Griffin Stadium - Gainesville, Florida	2	Sep 3, 2016	6:00 PM	Sat	Florida Atlantic	38		Southern Illinois	30	FAU Football Stadium - Boca Raton, Florida	2	Sep 3, 2016	5:30 PM	Sat	(18) Georgia	33	N	(22) North Carolina	24	Georgia Dome - Atlanta, Georgia	2	Sep 3, 2016	6:00 PM	Sat	Georgia Southern	54		Savannah State	0	Allen E. Paulson Stadium - Statesboro, Georgia	2	Sep 3, 2016	7:30 AM	Sat	Georgia Tech	17	N	Boston College	14	Aviva Stadium - Dublin, IRL	2	Sep 3, 2016	12:00 PM	Sat	(15) Houston	33	N	(3) Oklahoma	23	NRG Stadium - Houston, Texas	2	Sep 3, 2016	3:30 PM	Sat	Illinois	52		Murray State	3	Memorial Stadium - Champaign, Illinois	2	Sep 3, 2016	3:30 PM	Sat	(17) Iowa	45		Miami (OH)	21	Kinnick Stadium - Iowa City, Iowa	2	Sep 3, 2016	7:00 PM	Sat	Kansas	55		Rhode Island	6	Memorial Stadium - Lawrence, Kansas	2	Sep 3, 2016	7:00 PM	Sat	Louisiana-Monroe	38		Southern	21	Malone Stadium - Monroe, Louisiana
2	Sep 3, 2016	12:00 PM	Sat	Maryland	52		Howard	13	Maryland Stadium - College Park, Maryland	2	Sep 3, 2016	7:00 PM	Sat	Memphis	35		Southeast Missouri State	17	Liberty Bowl Memorial Stadium - Memphis, Tennessee	2	Sep 3, 2016	6:00 PM	Sat	Miami (FL)	70		Florida A&M	3	Hard Rock Stadium - Miami Gardens, Florida	2	Sep 3, 2016	12:00 PM	Sat	(7) Michigan	63		Hawaii	3	Michigan Stadium - Ann Arbor, Michigan	2	Sep 3, 2016	7:00 PM	Sat	Middle Tennessee State	55		Alabama A&M	0	Johnny "Red" Floyd Stadium - Murfreesboro, Tennessee	2	Sep 3, 2016	12:00 PM	Sat	Navy	52		Fordham	16	Navy Marine Corps Memorial Stadium - Annapolis, Maryland	2	Sep 3, 2016	8:00 PM	Sat	Nebraska	43		Fresno State	10	Memorial Stadium - Lincoln, Nebraska	2	Sep 3, 2016	8:00 PM	Sat	Northern Iowa	25	@	Iowa State	20	Jack Trice Stadium - Ames, Iowa	2	Sep 3, 2016	12:00 PM	Sat	(6) Ohio State	77		Bowling Green	10	Ohio Stadium - Columbus, Ohio	2	Sep 3, 2016	3:30 PM	Sat	(21) Oklahoma State	61		Southeastern Louisiana	7	Boone Pickens Stadium - Stillwater, Oklahoma
2	Sep 3, 2016	5:00 PM	Sat	(24) Oregon	53		California-Davis	28	Autzen Stadium - Eugene, Oregon	2	Sep 3, 2016	3:30 PM	Sat	Penn State	33		Kent State	13	Beaver Stadium - University Park, Pennsylvania	2	Sep 3, 2016	1:30 PM	Sat	Pittsburgh	28		Villanova	7	Heinz Field - Pittsburgh, Pennsylvania	2	Sep 3, 2016	12:00 PM	Sat	Purdue	45		Eastern Kentucky	24	Ross Ade Stadium - West Lafayette, Indiana	2	Sep 3, 2016	3:30 PM	Sat	Richmond	37	@	Virginia	20	Scott Stadium - Charlottesville, Virginia	2	Sep 3, 2016	8:30 PM	Sat	San Diego State	31		New Hampshire	0	Qualcomm Stadium - San Diego, California	2	Sep 3, 2016	12:00 PM	Sat	South Alabama	21	@	Mississippi State	20	Davis Wade Stadium - Starkville, Mississippi	2	Sep 3, 2016	7:00 PM	Sat	South Florida	56		Towson	20	Raymond James Stadium - Tampa, Florida	2	Sep 3, 2016		Sat	Southern Methodist	34	@	North Texas	21	Apogee Stadium - Denton, Texas	2	Sep 3, 2016	7:30 PM	Sat	Southern Mississippi	44	@	Kentucky	35	Commonwealth Stadium - Lexington, Kentucky
2	Sep 3, 2016		Sat	Texas A&M	31		(16) UCLA	24	Kyle Field - College Station, Texas	2	Sep 3, 2016	8:00 PM	Sat	(13) Texas Christian	59		South Dakota State	41	Amon G. Carter Stadium - Fort Worth, Texas	2	Sep 3, 2016	3:30 PM	Sat	Texas State	56	@	Ohio	54	Peden Stadium - Athens, Ohio	2	Sep 3, 2016	8:00 PM	Sat	Texas Tech	69		Stephen F. Austin	17	Jones AT&T Stadium - Lubbock, Texas	2	Sep 3, 2016		Sat	Texas-El Paso	38		New Mexico State	22	Sun Bowl Stadium - El Paso, Texas	2	Sep 3, 2016	7:00 PM	Sat	Texas-San Antonio	26		Alabama State	13	Alamodome - San Antonio, Texas	2	Sep 3, 2016	6:00 PM	Sat	Troy	57		Austin Peay	17	Veterans Memorial Stadium - Troy, Alabama	2	Sep 3, 2016	7:00 PM	Sat	Tulsa	45		San Jose State	10	Chapman Stadium - Tulsa, Oklahoma	2	Sep 3, 2016	12:30 PM	Sat	Virginia Tech	36		Liberty	13	Lane Stadium - Blacksburg, Virginia	2	Sep 3, 2016	2:00 PM	Sat	(14) Washington	48		Rutgers	13	Husky Stadium - Seattle, Washington
2	Sep 3, 2016	12:00 PM	Sat	West Virginia	26		Missouri	11	Milan Puskar Stadium - Morgantown, West Virginia	2	Sep 3, 2016	12:00 PM	Sat	Western Michigan	22	@	Northwestern	21	Ryan Field - Evanston, Illinois	2	Sep 3, 2016	3:30 PM	Sat	Wisconsin	16	N	(5) Louisiana State	14	Lambeau Field - Green Bay, Wisconsin	2	Sep 3, 2016	10:30 PM	Sat	Wyoming	40		Northern Illinois	34	War Memorial Stadium - Laramie, Wyoming	2	Sep 4, 2016	3:30 PM	Sun	Old Dominion	54		Hampton	21	S.B. Ballard Stadium - Norfolk, Virginia	2	Sep 4, 2016	7:30 PM	Sun	Texas	50		(10) Notre Dame	47	Darrell K Royal-Texas Memorial Stadium - Austin, Texas	2	Sep 5, 2016	8:00 PM	Mon	(4) Florida State	45	N	(11) Mississippi	34	Camping World Stadium - Orlando, Florida	3	Sep 9, 2016	8:00 PM	Fri	(13) Louisville	62	@	Syracuse	28	Carrier Dome - Syracuse, New York	3	Sep 9, 2016	7:30 PM	Fri	Maryland	41	@	Florida International	14	FIU Stadium - Miami, Florida	3	Sep 10, 2016	2:00 PM	Sat	Air Force	48		Georgia State	14	Falcon Stadium - Colorado Springs, Colorado
3	Sep 10, 2016	3:30 PM	Sat	(1) Alabama	38		Western Kentucky	10	Bryant-Denny Stadium - Tuscaloosa, Alabama	3	Sep 10, 2016	3:30 PM	Sat	Appalachian State	31		Old Dominion	7	Kidd Brewer Stadium - Boone, North Carolina	3	Sep 10, 2016	10:45 PM	Sat	Arizona	31		Grambling State	21	Arizona Stadium - Tucson, Arizona	3	Sep 10, 2016	10:00 PM	Sat	Arizona State	68		Texas Tech	55	Sun Devil Stadium - Tempe, Arizona	3	Sep 10, 2016	7:00 PM	Sat	Arkansas	41	@	(15) Texas Christian	38	Amon G. Carter Stadium - Fort Worth, Texas	3	Sep 10, 2016	12:00 PM	Sat	Army	31		Rice	14	Michie Stadium - West Point, New York	3	Sep 10, 2016	7:30 PM	Sat	Auburn	51		Arkansas State	14	Jordan Hare Stadium - Auburn, Alabama	3	Sep 10, 2016	3:30 PM	Sat	(23) Baylor	40		Southern Methodist	13	McLane Stadium - Waco, Texas	3	Sep 10, 2016	10:15 PM	Sat	Boise State	31		Washington State	28	Albertsons Stadium - Boise, Idaho	3	Sep 10, 2016	12:00 PM	Sat	Boston College	26	@	Massachusetts	7	Gillette Stadium - Foxborough, Massachusetts
3	Sep 10, 2016	3:30 PM	Sat	Bowling Green	27		North Dakota	26	Doyt L. Perry Stadium - Bowling Green, Ohio	3	Sep 10, 2016	12:00 PM	Sat	Central Michigan	30	@	(22) Oklahoma State	27	Boone Pickens Stadium - Stillwater, Oklahoma	3	Sep 10, 2016	6:00 PM	Sat	Charlotte	47		Elon	14	Jerry Richardson Stadium - Charlotte, North Carolina	3	Sep 10, 2016	12:00 PM	Sat	Cincinnati	38	@	Purdue	20	Ross Ade Stadium - West Lafayette, Indiana	3	Sep 10, 2016	12:30 PM	Sat	(2) Clemson	30		Troy	24	Clemson Memorial Stadium - Clemson, South Carolina	3	Sep 10, 2016	5:30 PM	Sat	Colorado	56		Idaho State	7	Folsom Field - Boulder, Colorado	3	Sep 10, 2016	4:00 PM	Sat	Colorado State	23		Texas-San Antonio	14	Sonny Lubick Field at Hughes Stadium - Fort Collins, Colorado	3	Sep 10, 2016	12:00 PM	Sat	East Carolina	33		North Carolina State	30	Dowdy-Ficklen Stadium - Greenville, North Carolina	3	Sep 10, 2016	3:30 PM	Sat	Eastern Illinois	21	@	Miami (OH)	17	Fred Yager Stadium - Oxford, Ohio	3	Sep 10, 2016	3:30 PM	Sat	Florida	45		Kentucky	7	Ben Hill Griffin Stadium - Gainesville, Florida
3	Sep 10, 2016	12:30 PM	Sat	(3) Florida State	52		Charleston Southern	8	Doak Campbell Stadium - Tallahassee, Florida	3	Sep 10, 2016	10:00 PM	Sat	Fresno State	31		Sacramento State	3	Bulldog Stadium - Fresno, California	3	Sep 10, 2016	12:00 PM	Sat	(9) Georgia	26		Nicholls State	24	Sanford Stadium - Athens, Georgia	3	Sep 10, 2016	7:00 PM	Sat	Georgia Southern	24	@	South Alabama	9	Ladd-Peebles Stadium - Mobile, Alabama	3	Sep 10, 2016	3:00 PM	Sat	Georgia Tech	35		Mercer	10	Bobby Dodd Stadium - Atlanta, Georgia	3	Sep 10, 2016	11:59 PM	Sat	Hawaii	41		Tennessee-Martin	36	Hawaiian Tel Federal Credit Union Field at Aloha Stadium - Honolulu, Hawaii	3	Sep 10, 2016	12:00 PM	Sat	(6) Houston	42		Lamar	0	TDECU Stadium - Houston, Texas	3	Sep 10, 2016	3:30 PM	Sat	Illinois State	9	@	Northwestern	7	Ryan Field - Evanston, Illinois	3	Sep 10, 2016	4:00 PM	Sat	Indiana	30		Ball State	20	Memorial Stadium - Bloomington, Indiana	3	Sep 10, 2016	7:30 PM	Sat	(16) Iowa	42		Iowa State	3	Kinnick Stadium - Iowa City, Iowa
3	Sep 10, 2016	7:00 PM	Sat	Louisiana	30		McNeese State	22	Cajun Field - Lafayette, Louisiana	3	Sep 10, 2016	7:30 PM	Sat	(21) Louisiana State	34		Jacksonville State	13	Tiger Stadium - Baton Rouge, Louisiana	3	Sep 10, 2016	7:00 PM	Sat	Louisiana Tech	53		South Carolina State	24	Joe Aillet Stadium - Ruston, Louisiana	3	Sep 10, 2016	6:00 PM	Sat	Marshall	62		Morgan State	0	Joan C. Edwards Stadium - Huntington, West Virginia	3	Sep 10, 2016	6:00 PM	Sat	(25) Miami (FL)	38		Florida Atlantic	10	Hard Rock Stadium - Miami Gardens, Florida	3	Sep 10, 2016	12:00 PM	Sat	(5) Michigan	51		Central Florida	14	Michigan Stadium - Ann Arbor, Michigan	3	Sep 10, 2016	12:00 PM	Sat	Minnesota	58		Indiana State	28	TCF Bank Stadium - Minneapolis, Minnesota	3	Sep 10, 2016	4:00 PM	Sat	(19) Mississippi	38		Wofford	13	Vaught-Hemingway Stadium - Oxford, Mississippi	3	Sep 10, 2016	7:00 PM	Sat	Mississippi State	27		South Carolina	14	Davis Wade Stadium - Starkville, Mississippi	3	Sep 10, 2016	7:30 PM	Sat	Missouri	61		Eastern Michigan	21	Faurot Field - Columbia, Missouri
3	Sep 10, 2016	3:30 PM	Sat	Navy	28		Connecticut	24	Navy Marine Corps Memorial Stadium - Annapolis, Maryland	3	Sep 10, 2016	12:00 PM	Sat	Nebraska	52		Wyoming	17	Memorial Stadium - Lincoln, Nebraska	3	Sep 10, 2016	8:00 PM	Sat	New Mexico State	32		New Mexico	31	Aggie Memorial Stadium - Las Cruces, New Mexico	3	Sep 10, 2016	7:30 PM	Sat	North Carolina	48	@	Illinois	23	Memorial Stadium - Champaign, Illinois	3	Sep 10, 2016	6:00 PM	Sat	North Carolina A&T	39	@	Kent State	36	Dix Stadium - Kent, Ohio	3	Sep 10, 2016	7:00 PM	Sat	North Texas	41		Bethune-Cookman	20	Apogee Stadium - Denton, Texas	3	Sep 10, 2016	3:30 PM	Sat	(18) Notre Dame	39		Nevada	10	Notre Dame Stadium - South Bend, Indiana	3	Sep 10, 2016	2:30 PM	Sat	Ohio	37	@	Kansas	21	Memorial Stadium - Lawrence, Kansas	3	Sep 10, 2016	3:30 PM	Sat	(4) Ohio State	48		Tulsa	3	Ohio Stadium - Columbus, Ohio	3	Sep 10, 2016	7:00 PM	Sat	(14) Oklahoma	59		Louisiana-Monroe	17	Gaylord Family - Oklahoma Memorial Stadium - Norman, Oklahoma
3	Sep 10, 2016	10:30 PM	Sat	(24) Oregon	44		Virginia	26	Autzen Stadium - Eugene, Oregon	3	Sep 10, 2016	12:00 PM	Sat	Pittsburgh	42		Penn State	39	Heinz Field - Pittsburgh, Pennsylvania	3	Sep 10, 2016	12:00 PM	Sat	Rutgers	52		Howard	14	High Points Solutions Stadium - Piscataway, New Jersey	3	Sep 10, 2016	10:30 PM	Sat	San Diego State	45		California	40	Qualcomm Stadium - San Diego, California	3	Sep 10, 2016	4:30 PM	Sat	San Jose State	66		Portland State	35	CEFCU Stadium - San Jose, California	3	Sep 10, 2016	7:00 PM	Sat	South Florida	48		Northern Illinois	17	Raymond James Stadium - Tampa, Florida	3	Sep 10, 2016	2:00 PM	Sat	Southern California	45		Utah State	7	Los Angeles Memorial Coliseum - Los Angeles, California	3	Sep 10, 2016	7:00 PM	Sat	Southern Mississippi	56		Savannah State	0	M.M. Roberts Stadium - Hattiesburg, Mississippi	3	Sep 10, 2016	1:00 PM	Sat	Temple	38		Stony Brook	0	Lincoln Financial Field - Philadelphia, Pennsylvania	3	Sep 10, 2016	8:00 PM	Sat	(17) Tennessee	45	N	Virginia Tech	24	Bristol Motor Speedway - Bristol, Tennessee
3	Sep 10, 2016	7:00 PM	Sat	(11) Texas	41		Texas-El Paso	7	Darrell K Royal-Texas Memorial Stadium - Austin, Texas	3	Sep 10, 2016	12:00 PM	Sat	(20) Texas A&M	67		Prairie View A&M	0	Kyle Field - College Station, Texas	3	Sep 10, 2016	7:00 PM	Sat	Toledo	45		Maine	3	Glass Bowl - Toledo, Ohio	3	Sep 10, 2016	8:00 PM	Sat	Tulane	66		Southern	21	Yulman Stadium - New Orleans, Louisiana	3	Sep 10, 2016	8:00 PM	Sat	UCLA	42		Nevada-Las Vegas	21	Rose Bowl - Pasadena, California	3	Sep 10, 2016	7:30 PM	Sat	Utah	20		Brigham Young	19	Rice-Eccles Stadium - Salt Lake City, Utah	3	Sep 10, 2016	4:00 PM	Sat	Vanderbilt	47		Middle Tennessee State	24	Vanderbilt Stadium - Nashville, Tennessee	3	Sep 10, 2016	3:30 PM	Sat	Wake Forest	24	@	Duke	14	Wallace Wade Stadium - Durham, North Carolina	3	Sep 10, 2016	5:00 PM	Sat	(8) Washington	59		Idaho	14	Husky Stadium - Seattle, Washington	3	Sep 10, 2016	2:00 PM	Sat	West Virginia	38		Youngstown State	21	Milan Puskar Stadium - Morgantown, West Virginia
3	Sep 10, 2016	7:00 PM	Sat	Western Michigan	70		North Carolina Central	21	Waldo Stadium - Kalamazoo, Michigan	3	Sep 10, 2016	3:30 PM	Sat	(10) Wisconsin	54		Akron	10	Camp Randall Stadium - Madison, Wisconsin	4	Sep 15, 2016	7:30 PM	Thu	(6) Houston	40	@	Cincinnati	16	Nippert Stadium - Cincinnati, Ohio	4	Sep 16, 2016	9:30 PM	Fri	Arizona State	32	@	Texas-San Antonio	28	Alamodome - San Antonio, Texas	4	Sep 16, 2016	8:00 PM	Fri	(21) Baylor	38	@	Rice	10	Rice Stadium - Houston, Texas	4	Sep 16, 2016	9:00 PM	Fri	Utah State	34		Arkansas State	20	Merlin Olsen Field at Maverik Stadium - Logan, Utah	4	Sep 17, 2016	12:00 PM	Sat	Akron	65	@	Marshall	38	Joan C. Edwards Stadium - Huntington, West Virginia	4	Sep 17, 2016	3:30 PM	Sat	(1) Alabama	48	@	(19) Mississippi	43	Vaught-Hemingway Stadium - Oxford, Mississippi	4	Sep 17, 2016	10:45 PM	Sat	Arizona	47		Hawaii	28	Arizona Stadium - Tucson, Arizona	4	Sep 17, 2016	7:30 PM	Sat	(24) Arkansas	42		Texas State	3	Donald W. Reynolds Razorback Stadium - Fayetteville, Arkansas
4	Sep 17, 2016		Sat	Army	66	@	Texas-El Paso	14	Sun Bowl Stadium - El Paso, Texas	4	Sep 17, 2016	3:00 PM	Sat	Ball State	41		Eastern Kentucky	14	Scheumann Stadium - Muncie, Indiana	4	Sep 17, 2016	10:30 PM	Sat	California	50		(11) Texas	43	Memorial Stadium - Berkeley, California	4	Sep 17, 2016	3:00 PM	Sat	Central Michigan	44		Nevada-Las Vegas	21	Kelly/Shorts Stadium - Mount Pleasant, Michigan	4	Sep 17, 2016	12:00 PM	Sat	(5) Clemson	59		South Carolina State	0	Clemson Memorial Stadium - Clemson, South Carolina	4	Sep 17, 2016	4:00 PM	Sat	Colorado State	47		Northern Colorado	21	Sonny Lubick Field at Hughes Stadium - Fort Collins, Colorado	4	Sep 17, 2016	1:30 PM	Sat	Connecticut	13		Virginia	10	Rentschler Field - East Hartford, Connecticut	4	Sep 17, 2016	6:00 PM	Sat	Eastern Michigan	37	@	Charlotte	19	Jerry Richardson Stadium - Charlotte, North Carolina	4	Sep 17, 2016	7:30 PM	Sat	(23) Florida	32		North Texas	0	Ben Hill Griffin Stadium - Gainesville, Florida	4	Sep 17, 2016	7:30 PM	Sat	(16) Georgia	28	@	Missouri	27	Faurot Field - Columbia, Missouri
4	Sep 17, 2016	6:00 PM	Sat	Georgia Southern	23		Louisiana-Monroe	21	Allen E. Paulson Stadium - Statesboro, Georgia	4	Sep 17, 2016	12:30 PM	Sat	Georgia Tech	38		Vanderbilt	7	Bobby Dodd Stadium - Atlanta, Georgia	4	Sep 17, 2016	2:30 PM	Sat	Kansas State	63		Florida Atlantic	7	Bill Snyder Family Football Stadium - Manhattan, Kansas	4	Sep 17, 2016	3:30 PM	Sat	Kent State	27		Monmouth	7	Dix Stadium - Kent, Ohio	4	Sep 17, 2016	4:00 PM	Sat	Kentucky	62		New Mexico State	42	Commonwealth Stadium - Lexington, Kentucky	4	Sep 17, 2016	7:00 PM	Sat	Louisiana	28		South Alabama	23	Cajun Field - Lafayette, Louisiana	4	Sep 17, 2016	7:00 PM	Sat	(20) Louisiana State	23		Mississippi State	20	Tiger Stadium - Baton Rouge, Louisiana	4	Sep 17, 2016	12:00 PM	Sat	(10) Louisville	63		(2) Florida State	20	Papa John's Cardinal Stadium - Louisville, Kentucky	4	Sep 17, 2016	7:00 PM	Sat	Maryland	30	@	Central Florida	24	Bright House Networks Stadium - Orlando, Florida	4	Sep 17, 2016	3:30 PM	Sat	Massachusetts	21		Florida International	13	Warren McGuirk Alumni Stadium - Amherst, Massachusetts
4	Sep 17, 2016	12:00 PM	Sat	Memphis	43		Kansas	7	Liberty Bowl Memorial Stadium - Memphis, Tennessee	4	Sep 17, 2016	12:00 PM	Sat	(25) Miami (FL)	45	@	Appalachian State	10	Kidd Brewer Stadium - Boone, North Carolina	4	Sep 17, 2016	3:30 PM	Sat	(4) Michigan	45		Colorado	28	Michigan Stadium - Ann Arbor, Michigan	4	Sep 17, 2016	7:30 PM	Sat	(12) Michigan State	36	@	(18) Notre Dame	28	Notre Dame Stadium - South Bend, Indiana	4	Sep 17, 2016	12:00 PM	Sat	Middle Tennessee State	41	@	Bowling Green	21	Doyt L. Perry Stadium - Bowling Green, Ohio	4	Sep 17, 2016	7:00 PM	Sat	Navy	21	@	Tulane	14	Yulman Stadium - New Orleans, Louisiana	4	Sep 17, 2016	3:30 PM	Sat	Nebraska	35		(22) Oregon	32	Memorial Stadium - Lincoln, Nebraska	4	Sep 17, 2016	9:00 PM	Sat	Nevada	38		Buffalo	14	MacKay Stadium - Reno, Nevada	4	Sep 17, 2016	3:30 PM	Sat	North Carolina	56		James Madison	28	Kenan Memorial Stadium - Chapel Hill, North Carolina	4	Sep 17, 2016	6:00 PM	Sat	North Carolina State	49		Old Dominion	22	Carter Finley Stadium - Raleigh, North Carolina
4	Sep 17, 2016	12:00 PM	Sat	North Dakota State	23	@	(13) Iowa	21	Kinnick Stadium - Iowa City, Iowa	4	Sep 17, 2016	8:00 PM	Sat	Northwestern	24		Duke	13	Ryan Field - Evanston, Illinois	4	Sep 17, 2016	9:10 PM	Sat	(3) Ohio State	45	@	(14) Oklahoma	24	Gaylord Family - Oklahoma Memorial Stadium - Norman, Oklahoma	4	Sep 17, 2016	3:30 PM	Sat	Oklahoma State	45		Pittsburgh	38	Boone Pickens Stadium - Stillwater, Oklahoma	4	Sep 17, 2016	5:00 PM	Sat	Oregon State	37		Idaho State	7	Reser Stadium - Corvallis, Oregon	4	Sep 17, 2016	12:00 PM	Sat	Penn State	34		Temple	27	Beaver Stadium - University Park, Pennsylvania	4	Sep 17, 2016	12:00 PM	Sat	Rutgers	37		New Mexico	28	High Points Solutions Stadium - Piscataway, New Jersey	4	Sep 17, 2016	3:30 PM	Sat	San Diego State	42	@	Northern Illinois	28	Huskie Stadium - DeKalb, Illinois	4	Sep 17, 2016	4:00 PM	Sat	South Carolina	20		East Carolina	15	Williams-Brice Stadium - Columbia, South Carolina	4	Sep 17, 2016	3:30 PM	Sat	South Florida	45	@	Syracuse	20	Carrier Dome - Syracuse, New York
4	Sep 17, 2016	7:00 PM	Sat	Southern Methodist	29		Liberty	14	Gerald J. Ford Stadium - Dallas, Texas	4	Sep 17, 2016	8:00 PM	Sat	(7) Stanford	27		Southern California	10	Stanford Stadium - Stanford, California	4	Sep 17, 2016	12:00 PM	Sat	(15) Tennessee	28		Ohio	19	Neyland Stadium - Knoxville, Tennessee	4	Sep 17, 2016		Sat	(17) Texas A&M	29	@	Auburn	16	Jordan Hare Stadium - Auburn, Alabama	4	Sep 17, 2016	12:00 PM	Sat	Texas Christian	41		Iowa State	20	Amon G. Carter Stadium - Fort Worth, Texas	4	Sep 17, 2016	7:00 PM	Sat	Texas Tech	59		Louisiana Tech	45	Jones AT&T Stadium - Lubbock, Texas	4	Sep 17, 2016	3:00 PM	Sat	Toledo	52		Fresno State	17	Glass Bowl - Toledo, Ohio	4	Sep 17, 2016	7:00 PM	Sat	Troy	37	@	Southern Mississippi	31	M.M. Roberts Stadium - Hattiesburg, Mississippi	4	Sep 17, 2016	2:00 PM	Sat	Tulsa	58		North Carolina A&T	21	Chapman Stadium - Tulsa, Oklahoma	4	Sep 17, 2016	10:15 PM	Sat	UCLA	17	@	Brigham Young	14	Lavell Edwards Stadium - Provo, Utah
4	Sep 17, 2016	10:30 PM	Sat	Utah	34	@	San Jose State	17	CEFCU Stadium - San Jose, California	4	Sep 17, 2016	3:30 PM	Sat	Virginia Tech	49		Boston College	0	Lane Stadium - Blacksburg, Virginia	4	Sep 17, 2016	6:30 PM	Sat	Wake Forest	38		Delaware	21	BB&T Field - Winston-Salem, North Carolina	4	Sep 17, 2016	8:00 PM	Sat	(8) Washington	41		Portland State	3	Husky Stadium - Seattle, Washington	4	Sep 17, 2016	2:00 PM	Sat	Washington State	56		Idaho	6	Martin Stadium - Pullman, Washington	4	Sep 17, 2016	3:30 PM	Sat	Western Kentucky	31	@	Miami (OH)	24	Fred Yager Stadium - Oxford, Ohio	4	Sep 17, 2016	4:00 PM	Sat	Western Michigan	34	@	Illinois	10	Memorial Stadium - Champaign, Illinois	4	Sep 17, 2016	12:00 PM	Sat	(9) Wisconsin	23		Georgia State	17	Camp Randall Stadium - Madison, Wisconsin	4	Sep 17, 2016	4:00 PM	Sat	Wyoming	45		California-Davis	22	War Memorial Stadium - Laramie, Wyoming	5	Sep 22, 2016	7:30 PM	Thu	(5) Clemson	26	@	Georgia Tech	7	Bobby Dodd Stadium - Atlanta, Georgia
5	Sep 23, 2016	7:30 PM	Fri	Eastern Michigan	27		Wyoming	24	Rynearson Stadium - Ypsilanti, Michigan	5	Sep 23, 2016	8:00 PM	Fri	Texas Christian	33	@	Southern Methodist	3	Gerald J. Ford Stadium - Dallas, Texas	5	Sep 23, 2016	9:00 PM	Fri	(24) Utah	31		Southern California	27	Rice-Eccles Stadium - Salt Lake City, Utah	5	Sep 24, 2016	10:15 PM	Sat	Air Force	27	@	Utah State	20	Merlin Olsen Field at Maverik Stadium - Logan, Utah	5	Sep 24, 2016	12:00 PM	Sat	(1) Alabama	48		Kent State	0	Bryant-Denny Stadium - Tuscaloosa, Alabama	5	Sep 24, 2016	3:30 PM	Sat	Appalachian State	45	@	Akron	38	InfoCision Stadium - Akron, Ohio	5	Sep 24, 2016	10:00 PM	Sat	Arizona State	51		California	41	Sun Devil Stadium - Tempe, Arizona	5	Sep 24, 2016	6:00 PM	Sat	Auburn	18		(18) Louisiana State	13	Jordan Hare Stadium - Auburn, Alabama	5	Sep 24, 2016	6:00 PM	Sat	Ball State	31	@	Florida Atlantic	27	FAU Football Stadium - Boca Raton, Florida	5	Sep 24, 2016	7:30 PM	Sat	(16) Baylor	35		Oklahoma State	24	McLane Stadium - Waco, Texas
5	Sep 24, 2016	3:30 PM	Sat	Boise State	38	@	Oregon State	24	Reser Stadium - Corvallis, Oregon	5	Sep 24, 2016	1:00 PM	Sat	Boston College	42		Wagner	10	Alumni Stadium - Chestnut Hill, Massachusetts	5	Sep 24, 2016	7:00 PM	Sat	Buffalo	23		Army	20	University of Buffalo Stadium - Buffalo, New York	5	Sep 24, 2016	7:00 PM	Sat	Central Arkansas	28	@	Arkansas State	23	Centennial Bank Stadium - Jonesboro, Arkansas	5	Sep 24, 2016	7:00 PM	Sat	Central Florida	53	@	Florida International	14	FIU Stadium - Miami, Florida	5	Sep 24, 2016	3:30 PM	Sat	Cincinnati	27		Miami (OH)	20	Nippert Stadium - Cincinnati, Ohio	5	Sep 24, 2016	5:30 PM	Sat	Colorado	41	@	Oregon	38	Autzen Stadium - Eugene, Oregon	5	Sep 24, 2016	3:30 PM	Sat	Duke	38	@	Notre Dame	35	Notre Dame Stadium - South Bend, Indiana	5	Sep 24, 2016	12:00 PM	Sat	(13) Florida State	55	@	South Florida	35	Raymond James Stadium - Tampa, Florida	5	Sep 24, 2016	7:00 PM	Sat	(6) Houston	64	@	Texas State	3	Bobcat Stadium - San Marcos, Texas
5	Sep 24, 2016	9:00 PM	Sat	Idaho	33	@	Nevada-Las Vegas	30	Sam Boyd Stadium - Las Vegas, Nevada	5	Sep 24, 2016	12:00 PM	Sat	Iowa	14	@	Rutgers	7	High Points Solutions Stadium - Piscataway, New Jersey	5	Sep 24, 2016	12:00 PM	Sat	Iowa State	44		San Jose State	10	Jack Trice Stadium - Ames, Iowa	5	Sep 24, 2016	7:10 PM	Sat	Kansas State	35		Missouri State	0	Bill Snyder Family Football Stadium - Manhattan, Kansas	5	Sep 24, 2016	7:30 PM	Sat	Kentucky	17		South Carolina	10	Commonwealth Stadium - Lexington, Kentucky	5	Sep 24, 2016	8:00 PM	Sat	(3) Louisville	59	@	Marshall	28	Joan C. Edwards Stadium - Huntington, West Virginia	5	Sep 24, 2016	8:00 PM	Sat	Memphis	77		Bowling Green	3	Liberty Bowl Memorial Stadium - Memphis, Tennessee	5	Sep 24, 2016	3:30 PM	Sat	(4) Michigan	49		Penn State	10	Michigan Stadium - Ann Arbor, Michigan	5	Sep 24, 2016	7:00 PM	Sat	Middle Tennessee State	38		Louisiana Tech	34	Johnny "Red" Floyd Stadium - Murfreesboro, Tennessee	5	Sep 24, 2016	12:00 PM	Sat	Minnesota	31		Colorado State	24	TCF Bank Stadium - Minneapolis, Minnesota
5	Sep 24, 2016	12:00 PM	Sat	(23) Mississippi	45		(12) Georgia	14	Vaught-Hemingway Stadium - Oxford, Mississippi	5	Sep 24, 2016	3:30 PM	Sat	Mississippi State	47	@	Massachusetts	35	Gillette Stadium - Foxborough, Massachusetts	5	Sep 24, 2016	4:00 PM	Sat	Missouri	79		Delaware State	0	Faurot Field - Columbia, Missouri	5	Sep 24, 2016	7:30 PM	Sat	(20) Nebraska	24	@	Northwestern	13	Ryan Field - Evanston, Illinois	5	Sep 24, 2016	3:30 PM	Sat	North Carolina	37		Pittsburgh	36	Kenan Memorial Stadium - Chapel Hill, North Carolina	5	Sep 24, 2016	6:00 PM	Sat	North Texas	42	@	Rice	35	Rice Stadium - Houston, Texas	5	Sep 24, 2016	2:00 PM	Sat	Ohio	37		Gardner-Webb	21	Peden Stadium - Athens, Ohio	5	Sep 24, 2016	3:30 PM	Sat	Old Dominion	33		Texas-San Antonio	19	S.B. Ballard Stadium - Norfolk, Virginia	5	Sep 24, 2016	12:00 PM	Sat	Purdue	24		Nevada	14	Ross Ade Stadium - West Lafayette, Indiana	5	Sep 24, 2016	7:00 PM	Sat	South Alabama	41		Nicholls State	40	Ladd-Peebles Stadium - Mobile, Alabama
5	Sep 24, 2016		Sat	Southern Mississippi	34	@	Texas-El Paso	7	Sun Bowl Stadium - El Paso, Texas	5	Sep 24, 2016	8:00 PM	Sat	(7) Stanford	22	@	UCLA	13	Rose Bowl - Pasadena, California	5	Sep 24, 2016	1:00 PM	Sat	Syracuse	31	@	Connecticut	24	Rentschler Field - East Hartford, Connecticut	5	Sep 24, 2016	12:00 PM	Sat	Temple	48		Charlotte	20	Lincoln Financial Field - Philadelphia, Pennsylvania	5	Sep 24, 2016	3:30 PM	Sat	(14) Tennessee	38		(19) Florida	28	Neyland Stadium - Knoxville, Tennessee	5	Sep 24, 2016		Sat	(10) Texas A&M	45	N	(17) Arkansas	24	AT&T Stadium - Arlington, Texas	5	Sep 24, 2016	7:00 PM	Sat	Troy	52		New Mexico State	6	Veterans Memorial Stadium - Troy, Alabama	5	Sep 24, 2016	8:00 PM	Sat	Tulane	41		Louisiana	39	Yulman Stadium - New Orleans, Louisiana	5	Sep 24, 2016	4:30 PM	Sat	Tulsa	48	@	Fresno State	41	Bulldog Stadium - Fresno, California	5	Sep 24, 2016	4:30 PM	Sat	Vanderbilt	31	@	Western Kentucky	30	Houchens Industries-L.T. Smith Stadium - Bowling Green, Kentucky
5	Sep 24, 2016	12:30 PM	Sat	Virginia	49		Central Michigan	35	Scott Stadium - Charlottesville, Virginia	5	Sep 24, 2016	12:30 PM	Sat	Virginia Tech	54		East Carolina	17	Lane Stadium - Blacksburg, Virginia	5	Sep 24, 2016	3:30 PM	Sat	Wake Forest	33	@	Indiana	28	Memorial Stadium - Bloomington, Indiana	5	Sep 24, 2016	10:30 PM	Sat	(9) Washington	35	@	Arizona	28	Arizona Stadium - Tucson, Arizona	5	Sep 24, 2016	3:30 PM	Sat	West Virginia	35	N	Brigham Young	32	FedEx Field - Landover, Maryland	5	Sep 24, 2016	3:30 PM	Sat	Western Illinois	28	@	Northern Illinois	23	Huskie Stadium - DeKalb, Illinois	5	Sep 24, 2016	7:00 PM	Sat	Western Michigan	49		Georgia Southern	31	Waldo Stadium - Kalamazoo, Michigan	5	Sep 24, 2016	12:00 PM	Sat	(11) Wisconsin	30	@	(8) Michigan State	6	Spartan Stadium - East Lansing, Michigan	6	Sep 29, 2016	8:00 PM	Thu	(6) Houston	42		Connecticut	14	TDECU Stadium - Houston, Texas	6	Sep 29, 2016	8:30 PM	Thu	Texas Tech	55		Kansas	19	Jones AT&T Stadium - Lubbock, Texas
6	Sep 30, 2016		Fri	Brigham Young	55		Toledo	53	Lavell Edwards Stadium - Provo, Utah	6	Sep 30, 2016	9:00 PM	Fri	(10) Washington	44		(7) Stanford	6	Husky Stadium - Seattle, Washington	6	Oct 1, 2016	3:30 PM	Sat	Air Force	28		Navy	14	Falcon Stadium - Colorado Springs, Colorado	6	Oct 1, 2016	3:30 PM	Sat	Akron	31	@	Kent State	27	Dix Stadium - Kent, Ohio	6	Oct 1, 2016	7:00 PM	Sat	(1) Alabama	34		Kentucky	6	Bryant-Denny Stadium - Tuscaloosa, Alabama	6	Oct 1, 2016	12:00 PM	Sat	Appalachian State	17		Georgia State	3	Kidd Brewer Stadium - Boone, North Carolina	6	Oct 1, 2016	12:00 PM	Sat	(20) Arkansas	52		Alcorn State	10	War Memorial Stadium - Little Rock, Arkansas	6	Oct 1, 2016	3:30 PM	Sat	Auburn	58		Louisiana-Monroe	7	Jordan Hare Stadium - Auburn, Alabama	6	Oct 1, 2016	12:00 PM	Sat	(13) Baylor	45	@	Iowa State	42	Jack Trice Stadium - Ames, Iowa	6	Oct 1, 2016	10:15 PM	Sat	(24) Boise State	21		Utah State	10	Albertsons Stadium - Boise, Idaho
6	Oct 1, 2016	1:00 PM	Sat	Boston College	35		Buffalo	3	Alumni Stadium - Chestnut Hill, Massachusetts	6	Oct 1, 2016	6:00 PM	Sat	California	28		(18) Utah	23	Memorial Stadium - Berkeley, California	6	Oct 1, 2016	12:00 PM	Sat	Central Florida	47	@	East Carolina	29	Dowdy-Ficklen Stadium - Greenville, North Carolina	6	Oct 1, 2016	8:00 PM	Sat	(5) Clemson	42		(3) Louisville	36	Clemson Memorial Stadium - Clemson, South Carolina	6	Oct 1, 2016	2:30 PM	Sat	Colorado	47		Oregon State	6	Folsom Field - Boulder, Colorado	6	Oct 1, 2016	3:00 PM	Sat	Eastern Michigan	28	@	Bowling Green	25	Doyt L. Perry Stadium - Bowling Green, Ohio	6	Oct 1, 2016	12:00 PM	Sat	(23) Florida	13	@	Vanderbilt	6	Vanderbilt Stadium - Nashville, Tennessee	6	Oct 1, 2016	7:00 PM	Sat	Florida International	33		Florida Atlantic	31	FIU Stadium - Miami, Florida	6	Oct 1, 2016	11:59 PM	Sat	Hawaii	38		Nevada	17	Hawaiian Tel Federal Credit Union Field at Aloha Stadium - Honolulu, Hawaii	6	Oct 1, 2016	8:00 PM	Sat	Indiana	24		(17) Michigan State	21	Memorial Stadium - Bloomington, Indiana
6	Oct 1, 2016	7:30 PM	Sat	Louisiana State	42		Missouri	7	Tiger Stadium - Baton Rouge, Louisiana	6	Oct 1, 2016		Sat	Louisiana Tech	28		Texas-El Paso	7	Joe Aillet Stadium - Ruston, Louisiana	6	Oct 1, 2016	3:30 PM	Sat	Maryland	50		Purdue	7	Maryland Stadium - College Park, Maryland	6	Oct 1, 2016	12:00 PM	Sat	(14) Miami (FL)	35	@	Georgia Tech	21	Bobby Dodd Stadium - Atlanta, Georgia	6	Oct 1, 2016	3:30 PM	Sat	(4) Michigan	14		(8) Wisconsin	7	Michigan Stadium - Ann Arbor, Michigan	6	Oct 1, 2016	7:00 PM	Sat	Middle Tennessee State	30	@	North Texas	13	Apogee Stadium - Denton, Texas	6	Oct 1, 2016	7:00 PM	Sat	(16) Mississippi	48		Memphis	28	Vaught-Hemingway Stadium - Oxford, Mississippi	6	Oct 1, 2016	3:30 PM	Sat	(15) Nebraska	31		Illinois	16	Memorial Stadium - Lincoln, Nebraska	6	Oct 1, 2016	10:30 PM	Sat	Nevada-Las Vegas	45		Fresno State	20	Sam Boyd Stadium - Las Vegas, Nevada	6	Oct 1, 2016	4:00 PM	Sat	New Mexico	48		San Jose State	41	University Stadium - Albuquerque, New Mexico
6	Oct 1, 2016	8:00 PM	Sat	New Mexico State	37		Louisiana	31	Aggie Memorial Stadium - Las Cruces, New Mexico	6	Oct 1, 2016	3:30 PM	Sat	North Carolina	37	@	(12) Florida State	35	Doak Campbell Stadium - Tallahassee, Florida	6	Oct 1, 2016	3:30 PM	Sat	North Carolina State	33		Wake Forest	16	Carter Finley Stadium - Raleigh, North Carolina	6	Oct 1, 2016	3:30 PM	Sat	Northern Illinois	31	@	Ball State	24	Scheumann Stadium - Muncie, Indiana	6	Oct 1, 2016	12:00 PM	Sat	Northwestern	38	@	Iowa	31	Kinnick Stadium - Iowa City, Iowa	6	Oct 1, 2016	12:00 PM	Sat	Notre Dame	50	N	Syracuse	33	MetLife Stadium - East Rutherford, New Jersey	6	Oct 1, 2016	2:30 PM	Sat	Ohio	17	@	Miami (OH)	7	Fred Yager Stadium - Oxford, Ohio	6	Oct 1, 2016	12:00 PM	Sat	(2) Ohio State	58		Rutgers	0	Ohio Stadium - Columbus, Ohio	6	Oct 1, 2016	5:00 PM	Sat	Oklahoma	52	@	(21) Texas Christian	46	Amon G. Carter Stadium - Fort Worth, Texas	6	Oct 1, 2016	12:00 PM	Sat	Oklahoma State	49		(22) Texas	31	Boone Pickens Stadium - Stillwater, Oklahoma
6	Oct 1, 2016	6:00 PM	Sat	Old Dominion	52	@	Charlotte	17	Jerry Richardson Stadium - Charlotte, North Carolina	6	Oct 1, 2016	3:30 PM	Sat	Penn State	29		Minnesota	26	Beaver Stadium - University Park, Pennsylvania	6	Oct 1, 2016	7:30 PM	Sat	Pittsburgh	43		Marshall	27	Heinz Field - Pittsburgh, Pennsylvania	6	Oct 1, 2016	8:00 PM	Sat	South Alabama	42		(19) San Diego State	24	Ladd-Peebles Stadium - Mobile, Alabama	6	Oct 1, 2016	7:00 PM	Sat	South Florida	45	@	Cincinnati	20	Nippert Stadium - Cincinnati, Ohio	6	Oct 1, 2016	8:30 PM	Sat	Southern California	41		Arizona State	20	Los Angeles Memorial Coliseum - Los Angeles, California	6	Oct 1, 2016	7:00 PM	Sat	Southern Mississippi	44		Rice	28	M.M. Roberts Stadium - Hattiesburg, Mississippi	6	Oct 1, 2016	12:00 PM	Sat	Temple	45		Southern Methodist	20	Lincoln Financial Field - Philadelphia, Pennsylvania	6	Oct 1, 2016	3:30 PM	Sat	(11) Tennessee	34	@	(25) Georgia	31	Sanford Stadium - Athens, Georgia	6	Oct 1, 2016		Sat	(9) Texas A&M	24	@	South Carolina	13	Williams-Brice Stadium - Columbia, South Carolina
6	Oct 1, 2016	7:30 PM	Sat	Texas State	48		Incarnate Word	17	Bobcat Stadium - San Marcos, Texas	6	Oct 1, 2016	5:00 PM	Sat	Troy	34	@	Idaho	13	Kibbie Dome - Moscow, Idaho	6	Oct 1, 2016	3:30 PM	Sat	Tulane	31	@	Massachusetts	24	Warren McGuirk Alumni Stadium - Amherst, Massachusetts	6	Oct 1, 2016	10:30 PM	Sat	UCLA	45		Arizona	24	Rose Bowl - Pasadena, California	6	Oct 1, 2016	12:30 PM	Sat	Virginia	34	@	Duke	20	Wallace Wade Stadium - Durham, North Carolina	6	Oct 1, 2016	9:30 PM	Sat	Washington State	51		Oregon	33	Martin Stadium - Pullman, Washington	6	Oct 1, 2016	3:30 PM	Sat	West Virginia	17		Kansas State	16	Milan Puskar Stadium - Morgantown, West Virginia	6	Oct 1, 2016	7:00 PM	Sat	Western Kentucky	50		Houston Baptist	3	Houchens Industries-L.T. Smith Stadium - Bowling Green, Kentucky	6	Oct 1, 2016	7:00 PM	Sat	Western Michigan	49	@	Central Michigan	10	Kelly/Shorts Stadium - Mount Pleasant, Michigan	6	Oct 1, 2016	10:15 PM	Sat	Wyoming	38	@	Colorado State	17	Sonny Lubick Field at Hughes Stadium - Fort Collins, Colorado
7	Oct 5, 2016	8:00 PM	Wed	Arkansas State	27		Georgia Southern	26	Centennial Bank Stadium - Jonesboro, Arkansas	7	Oct 6, 2016	8:00 PM	Thu	Louisiana Tech	55		Western Kentucky	52	Joe Aillet Stadium - Ruston, Louisiana	7	Oct 6, 2016	8:00 PM	Thu	Memphis	34		Temple	27	Liberty Bowl Memorial Stadium - Memphis, Tennessee	7	Oct 7, 2016	9:00 PM	Fri	(19) Boise State	49	@	New Mexico	21	University Stadium - Albuquerque, New Mexico	7	Oct 7, 2016	7:30 PM	Fri	(3) Clemson	56	@	Boston College	10	Alumni Stadium - Chestnut Hill, Massachusetts	7	Oct 7, 2016	8:00 PM	Fri	Old Dominion	36		Massachusetts	16	S.B. Ballard Stadium - Norfolk, Virginia	7	Oct 7, 2016	8:00 PM	Fri	Tulsa	43		Southern Methodist	40	Skelly Field at H.A. Chapman Stadium - Tulsa, Oklahoma	7	Oct 8, 2016	3:00 PM	Sat	Akron	35		Miami (OH)	13	InfoCision Stadium - Akron, Ohio	7	Oct 8, 2016	7:00 PM	Sat	(1) Alabama	49	@	(16) Arkansas	30	Donald W. Reynolds Razorback Stadium - Fayetteville, Arkansas	7	Oct 8, 2016	10:30 PM	Sat	Arizona State	23		UCLA	20	Sun Devil Stadium - Tempe, Arizona
7	Oct 8, 2016	12:00 PM	Sat	Auburn	38	@	Mississippi State	14	Davis Wade Stadium - Starkville, Mississippi	7	Oct 8, 2016	3:30 PM	Sat	Brigham Young	31	@	Michigan State	14	Spartan Stadium - East Lansing, Michigan	7	Oct 8, 2016	3:30 PM	Sat	Central Michigan	24		Ball State	21	Kelly/Shorts Stadium - Mount Pleasant, Michigan	7	Oct 8, 2016	10:00 PM	Sat	Colorado State	31		Utah State	24	Sonny Lubick Field at Hughes Stadium - Fort Collins, Colorado	7	Oct 8, 2016	11:30 AM	Sat	Connecticut	20		Cincinnati	9	Rentschler Field - East Hartford, Connecticut	7	Oct 8, 2016	3:30 PM	Sat	Duke	13		Army	6	Wallace Wade Stadium - Durham, North Carolina	7	Oct 8, 2016		Sat	Florida International	35	@	Texas-El Paso	21	Sun Bowl Stadium - El Paso, Texas	7	Oct 8, 2016	8:00 PM	Sat	(23) Florida State	20	@	(10) Miami (FL)	19	Hard Rock Stadium - Miami Gardens, Florida	7	Oct 8, 2016	3:30 PM	Sat	Georgia State	41		Texas State	21	Georgia Dome - Atlanta, Georgia	7	Oct 8, 2016	4:30 PM	Sat	Hawaii	34	@	San Jose State	17	CEFCU Stadium - San Jose, California
7	Oct 8, 2016	7:00 PM	Sat	Idaho	34	@	Louisiana-Monroe	31	Malone Stadium - Monroe, Louisiana	7	Oct 8, 2016	12:00 PM	Sat	Iowa	14	@	Minnesota	7	TCF Bank Stadium - Minneapolis, Minnesota	7	Oct 8, 2016	7:00 PM	Sat	Kansas State	44		Texas Tech	38	Bill Snyder Family Football Stadium - Manhattan, Kansas	7	Oct 8, 2016	3:30 PM	Sat	Kent State	44	@	Buffalo	20	University of Buffalo Stadium - Buffalo, New York	7	Oct 8, 2016	4:00 PM	Sat	Kentucky	20		Vanderbilt	13	Commonwealth Stadium - Lexington, Kentucky	7	Oct 8, 2016	7:00 PM	Sat	(4) Michigan	78	@	Rutgers	0	High Points Solutions Stadium - Piscataway, New Jersey	7	Oct 8, 2016	3:00 PM	Sat	Navy	46		(6) Houston	40	Navy Marine Corps Memorial Stadium - Annapolis, Maryland	7	Oct 8, 2016	7:00 PM	Sat	Nevada	27		Fresno State	22	MacKay Stadium - Reno, Nevada	7	Oct 8, 2016	12:00 PM	Sat	North Carolina State	10		Notre Dame	3	Carter Finley Stadium - Raleigh, North Carolina	7	Oct 8, 2016	7:00 PM	Sat	North Texas	38		Marshall	21	Apogee Stadium - Denton, Texas
7	Oct 8, 2016	2:00 PM	Sat	Ohio	30		Bowling Green	24	Peden Stadium - Athens, Ohio	7	Oct 8, 2016	3:30 PM	Sat	(2) Ohio State	38		Indiana	17	Ohio Stadium - Columbus, Ohio	7	Oct 8, 2016	12:00 PM	Sat	(20) Oklahoma	45	N	Texas	40	Cotton Bowl Stadium - Dallas, Texas	7	Oct 8, 2016	3:30 PM	Sat	Oklahoma State	38		Iowa State	31	Boone Pickens Stadium - Stillwater, Oklahoma	7	Oct 8, 2016	9:00 PM	Sat	Oregon State	47		California	44	Reser Stadium - Corvallis, Oregon	7	Oct 8, 2016	12:00 PM	Sat	Penn State	38		Maryland	14	Beaver Stadium - University Park, Pennsylvania	7	Oct 8, 2016	12:30 PM	Sat	Pittsburgh	37		Georgia Tech	34	Heinz Field - Pittsburgh, Pennsylvania	7	Oct 8, 2016	3:30 PM	Sat	Purdue	34	@	Illinois	31	Memorial Stadium - Champaign, Illinois	7	Oct 8, 2016	10:30 PM	Sat	San Diego State	26		Nevada-Las Vegas	7	Qualcomm Stadium - San Diego, California	7	Oct 8, 2016	12:00 PM	Sat	South Florida	38		East Carolina	22	Raymond James Stadium - Tampa, Florida
7	Oct 8, 2016	4:00 PM	Sat	Southern California	21		(21) Colorado	17	Los Angeles Memorial Coliseum - Los Angeles, California	7	Oct 8, 2016		Sat	(8) Texas A&M	45		(9) Tennessee	38	Kyle Field - College Station, Texas	7	Oct 8, 2016	12:00 PM	Sat	Texas Christian	24	@	Kansas	23	Memorial Stadium - Lawrence, Kansas	7	Oct 8, 2016	12:00 PM	Sat	Texas-San Antonio	55		Southern Mississippi	32	Alamodome - San Antonio, Texas	7	Oct 8, 2016	3:00 PM	Sat	Toledo	35	@	Eastern Michigan	20	Rynearson Stadium - Ypsilanti, Michigan	7	Oct 8, 2016	10:00 PM	Sat	(24) Utah	36		Arizona	23	Rice-Eccles Stadium - Salt Lake City, Utah	7	Oct 8, 2016	3:30 PM	Sat	(25) Virginia Tech	34	@	(17) North Carolina	3	Kenan Memorial Stadium - Chapel Hill, North Carolina	7	Oct 8, 2016	7:00 PM	Sat	Wake Forest	28		Syracuse	9	BB&T Field - Winston-Salem, North Carolina	7	Oct 8, 2016	7:30 PM	Sat	(5) Washington	70	@	Oregon	21	Autzen Stadium - Eugene, Oregon	7	Oct 8, 2016	10:30 PM	Sat	Washington State	42	@	(15) Stanford	16	Stanford Stadium - Stanford, California
7	Oct 8, 2016	6:30 PM	Sat	Western Michigan	45		Northern Illinois	30	Waldo Stadium - Kalamazoo, Michigan	7	Oct 8, 2016	3:30 PM	Sat	Wyoming	35		Air Force	26	War Memorial Stadium - Laramie, Wyoming	7	Oct 9, 2016	12:00 PM	Sun	Charlotte	28	@	Florida Atlantic	23	FAU Football Stadium - Boca Raton, Florida	7	Oct 9, 2016	2:30 PM	Sun	Georgia	28	@	South Carolina	14	Williams-Brice Stadium - Columbia, South Carolina	8	Oct 12, 2016	8:00 PM	Wed	Appalachian State	24	@	Louisiana	0	Cajun Field - Lafayette, Louisiana	8	Oct 14, 2016		Fri	Brigham Young	28		Mississippi State	21	Lavell Edwards Stadium - Provo, Utah	8	Oct 14, 2016	7:00 PM	Fri	(7) Louisville	24		Duke	14	Papa John's Cardinal Stadium - Louisville, Kentucky	8	Oct 14, 2016	8:00 PM	Fri	Memphis	24	@	Tulane	14	Yulman Stadium - New Orleans, Louisiana	8	Oct 14, 2016	10:00 PM	Fri	San Diego State	17	@	Fresno State	3	Bulldog Stadium - Fresno, California	8	Oct 15, 2016	3:30 PM	Sat	(1) Alabama	49	@	(9) Tennessee	10	Neyland Stadium - Knoxville, Tennessee
8	Oct 15, 2016	7:00 PM	Sat	(22) Arkansas	34		(12) Mississippi	30	Donald W. Reynolds Razorback Stadium - Fayetteville, Arkansas	8	Oct 15, 2016	7:00 PM	Sat	Arkansas State	17		South Alabama	7	Centennial Bank Stadium - Jonesboro, Arkansas	8	Oct 15, 2016	12:00 PM	Sat	Army	62		Lafayette	7	Michie Stadium - West Point, New York	8	Oct 15, 2016	3:30 PM	Sat	Ball State	31	@	Buffalo	21	University of Buffalo Stadium - Buffalo, New York	8	Oct 15, 2016	3:30 PM	Sat	(11) Baylor	49		Kansas	7	McLane Stadium - Waco, Texas	8	Oct 15, 2016	10:15 PM	Sat	(15) Boise State	28		Colorado State	23	Albertsons Stadium - Boise, Idaho	8	Oct 15, 2016	3:30 PM	Sat	Central Michigan	34	@	Northern Illinois	28	Huskie Stadium - DeKalb, Illinois	8	Oct 15, 2016	12:00 PM	Sat	(3) Clemson	24		North Carolina State	17	Clemson Memorial Stadium - Clemson, South Carolina	8	Oct 15, 2016	8:00 PM	Sat	Colorado	40		Arizona State	16	Folsom Field - Boulder, Colorado	8	Oct 15, 2016		Sat	Eastern Michigan	27	@	Ohio	20	Peden Stadium - Athens, Ohio
8	Oct 15, 2016	4:00 PM	Sat	(18) Florida	40		Missouri	14	Ben Hill Griffin Stadium - Gainesville, Florida	8	Oct 15, 2016	6:00 PM	Sat	Florida International	27	@	Charlotte	26	Jerry Richardson Stadium - Charlotte, North Carolina	8	Oct 15, 2016	3:30 PM	Sat	(14) Florida State	17		Wake Forest	6	Doak Campbell Stadium - Tallahassee, Florida	8	Oct 15, 2016	12:30 PM	Sat	Georgia Tech	35		Georgia Southern	24	Bobby Dodd Stadium - Atlanta, Georgia	8	Oct 15, 2016	7:00 PM	Sat	(13) Houston	38		Tulsa	31	TDECU Stadium - Houston, Texas	8	Oct 15, 2016	5:00 PM	Sat	Idaho	55		New Mexico State	23	Kibbie Dome - Moscow, Idaho	8	Oct 15, 2016	12:00 PM	Sat	Illinois	24	@	Rutgers	7	High Points Solutions Stadium - Piscataway, New Jersey	8	Oct 15, 2016	12:00 PM	Sat	Iowa	49	@	Purdue	35	Ross Ade Stadium - West Lafayette, Indiana	8	Oct 15, 2016	7:30 PM	Sat	Louisiana State	45		Southern Mississippi	10	Tiger Stadium - Baton Rouge, Louisiana	8	Oct 15, 2016	3:30 PM	Sat	Louisiana Tech	56	@	Massachusetts	28	Gillette Stadium - Foxborough, Massachusetts
8	Oct 15, 2016	7:00 PM	Sat	Louisiana-Monroe	40		Texas State	34	Malone Stadium - Monroe, Louisiana	8	Oct 15, 2016	7:00 PM	Sat	Marshall	27		Florida Atlantic	21	Joan C. Edwards Stadium - Huntington, West Virginia	8	Oct 15, 2016	2:30 PM	Sat	Miami (OH)	18		Kent State	14	Fred Yager Stadium - Oxford, Ohio	8	Oct 15, 2016	12:00 PM	Sat	Minnesota	31	@	Maryland	10	Maryland Stadium - College Park, Maryland	8	Oct 15, 2016	3:30 PM	Sat	(10) Nebraska	27	@	Indiana	22	Memorial Stadium - Bloomington, Indiana	8	Oct 15, 2016	11:59 PM	Sat	Nevada-Las Vegas	41	@	Hawaii	38	Hawaiian Tel Federal Credit Union Field at Aloha Stadium - Honolulu, Hawaii	8	Oct 15, 2016	3:30 PM	Sat	New Mexico	45	N	Air Force	40	Cotton Bowl Stadium - Dallas, Texas	8	Oct 15, 2016	3:30 PM	Sat	North Carolina	20	@	(16) Miami (FL)	13	Hard Rock Stadium - Miami Gardens, Florida	8	Oct 15, 2016	3:30 PM	Sat	Northwestern	54	@	Michigan State	40	Spartan Stadium - East Lansing, Michigan	8	Oct 15, 2016	8:00 PM	Sat	(2) Ohio State	30	@	(8) Wisconsin	23	Camp Randall Stadium - Madison, Wisconsin
8	Oct 15, 2016	12:00 PM	Sat	(19) Oklahoma	38		Kansas State	17	Gaylord Family - Oklahoma Memorial Stadium - Norman, Oklahoma	8	Oct 15, 2016	12:30 PM	Sat	Pittsburgh	45	@	Virginia	31	Scott Stadium - Charlottesville, Virginia	8	Oct 15, 2016	10:30 PM	Sat	San Jose State	14		Nevada	10	CEFCU Stadium - San Jose, California	8	Oct 15, 2016	7:00 PM	Sat	South Florida	42		Connecticut	27	Raymond James Stadium - Tampa, Florida	8	Oct 15, 2016	3:30 PM	Sat	Southern California	48	@	Arizona	14	Arizona Stadium - Tucson, Arizona	8	Oct 15, 2016	7:30 PM	Sat	Stanford	17	@	Notre Dame	10	Notre Dame Stadium - South Bend, Indiana	8	Oct 15, 2016	3:45 PM	Sat	Syracuse	31		(17) Virginia Tech	17	Carrier Dome - Syracuse, New York	8	Oct 15, 2016	7:30 PM	Sat	Temple	26	@	Central Florida	25	Bright House Networks Stadium - Orlando, Florida	8	Oct 15, 2016	7:00 PM	Sat	Texas	27		Iowa State	6	Darrell K Royal-Texas Memorial Stadium - Austin, Texas	8	Oct 15, 2016	7:00 PM	Sat	Texas-San Antonio	14	@	Rice	13	Rice Stadium - Houston, Texas
8	Oct 15, 2016	3:30 PM	Sat	Toledo	42		Bowling Green	35	Glass Bowl - Toledo, Ohio	8	Oct 15, 2016	3:30 PM	Sat	Troy	31		Georgia State	21	Veterans Memorial Stadium - Troy, Alabama	8	Oct 15, 2016	4:00 PM	Sat	(21) Utah	19	@	Oregon State	14	Reser Stadium - Corvallis, Oregon	8	Oct 15, 2016	12:00 PM	Sat	Vanderbilt	17	@	Georgia	16	Sanford Stadium - Athens, Georgia	8	Oct 15, 2016	10:30 PM	Sat	Washington State	27		UCLA	21	Martin Stadium - Pullman, Washington	8	Oct 15, 2016	12:00 PM	Sat	(20) West Virginia	48	@	Texas Tech	17	Jones AT&T Stadium - Lubbock, Texas	8	Oct 15, 2016	2:30 PM	Sat	Western Kentucky	44	@	Middle Tennessee State	43	Johnny "Red" Floyd Stadium - Murfreesboro, Tennessee	8	Oct 15, 2016	3:30 PM	Sat	(24) Western Michigan	41	@	Akron	0	InfoCision Stadium - Akron, Ohio	9	Oct 20, 2016		Thu	(14) Boise State	28		Brigham Young	27	Albertsons Stadium - Boise, Idaho	9	Oct 20, 2016	7:30 PM	Thu	Troy	28	@	South Alabama	21	Ladd-Peebles Stadium - Mobile, Alabama
9	Oct 20, 2016	7:00 PM	Thu	Virginia Tech	37		Miami (FL)	16	Lane Stadium - Blacksburg, Virginia	9	Oct 21, 2016	10:30 PM	Fri	California	52		Oregon	49	Memorial Stadium - Berkeley, California	9	Oct 21, 2016	10:30 PM	Fri	San Diego State	42		San Jose State	3	Qualcomm Stadium - San Diego, California	9	Oct 21, 2016	7:00 PM	Fri	Temple	46		South Florida	30	Lincoln Financial Field - Philadelphia, Pennsylvania	9	Oct 22, 2016	3:00 PM	Sat	Akron	35	@	Ball State	25	Scheumann Stadium - Muncie, Indiana	9	Oct 22, 2016		Sat	(1) Alabama	33		(6) Texas A&M	14	Bryant-Denny Stadium - Tuscaloosa, Alabama	9	Oct 22, 2016	3:30 PM	Sat	Appalachian State	37		Idaho	19	Kidd Brewer Stadium - Boone, North Carolina	9	Oct 22, 2016	6:00 PM	Sat	(21) Auburn	56		(17) Arkansas	3	Jordan Hare Stadium - Auburn, Alabama	9	Oct 22, 2016	12:00 PM	Sat	Central Florida	24	@	Connecticut	16	Rentschler Field - East Hartford, Connecticut	9	Oct 22, 2016	5:30 PM	Sat	Charlotte	27	@	Marshall	24	Joan C. Edwards Stadium - Huntington, West Virginia
9	Oct 22, 2016	7:00 PM	Sat	Cincinnati	31		East Carolina	19	Nippert Stadium - Cincinnati, Ohio	9	Oct 22, 2016	3:00 PM	Sat	Colorado	10	@	Stanford	5	Stanford Stadium - Stanford, California	9	Oct 22, 2016	5:30 PM	Sat	Colorado State	42	@	Nevada-Las Vegas	23	Sam Boyd Stadium - Las Vegas, Nevada	9	Oct 22, 2016	8:00 PM	Sat	Georgia Southern	22	@	New Mexico State	19	Aggie Memorial Stadium - Las Cruces, New Mexico	9	Oct 22, 2016	3:30 PM	Sat	Georgia State	31		Tennessee-Martin	6	Georgia Dome - Atlanta, Georgia	9	Oct 22, 2016	2:00 PM	Sat	Hawaii	34	@	Air Force	27	Falcon Stadium - Colorado Springs, Colorado	9	Oct 22, 2016	12:00 PM	Sat	Kansas State	24		Texas	21	Bill Snyder Family Football Stadium - Manhattan, Kansas	9	Oct 22, 2016	7:30 PM	Sat	Kentucky	40		Mississippi State	38	Commonwealth Stadium - Lexington, Kentucky	9	Oct 22, 2016	7:00 PM	Sat	Louisiana	27	@	Texas State	3	Bobcat Stadium - San Marcos, Texas	9	Oct 22, 2016	9:00 PM	Sat	(25) Louisiana State	38		(23) Mississippi	21	Tiger Stadium - Baton Rouge, Louisiana
9	Oct 22, 2016	7:00 PM	Sat	Louisiana Tech	44	@	Florida International	24	FIU Stadium - Miami, Florida	9	Oct 22, 2016	12:00 PM	Sat	(7) Louisville	54		North Carolina State	13	Papa John's Cardinal Stadium - Louisville, Kentucky	9	Oct 22, 2016	7:30 PM	Sat	Maryland	28		Michigan State	17	Maryland Stadium - College Park, Maryland	9	Oct 22, 2016	12:00 PM	Sat	Miami (OH)	40	@	Bowling Green	26	Doyt L. Perry Stadium - Bowling Green, Ohio	9	Oct 22, 2016	3:30 PM	Sat	(3) Michigan	41		Illinois	8	Michigan Stadium - Ann Arbor, Michigan	9	Oct 22, 2016	4:00 PM	Sat	Middle Tennessee State	51	@	Missouri	45	Faurot Field - Columbia, Missouri	9	Oct 22, 2016	12:00 PM	Sat	Minnesota	34		Rutgers	32	TCF Bank Stadium - Minneapolis, Minnesota	9	Oct 22, 2016	3:30 PM	Sat	(24) Navy	42		Memphis	28	Navy Marine Corps Memorial Stadium - Annapolis, Maryland	9	Oct 22, 2016	3:30 PM	Sat	(8) Nebraska	27		Purdue	14	Memorial Stadium - Lincoln, Nebraska	9	Oct 22, 2016	9:00 PM	Sat	New Mexico	59		Louisiana-Monroe	17	University Stadium - Albuquerque, New Mexico
9	Oct 22, 2016	3:00 PM	Sat	(22) North Carolina	35	@	Virginia	14	Scott Stadium - Charlottesville, Virginia	9	Oct 22, 2016	12:00 PM	Sat	North Texas	35	@	Army	18	Michie Stadium - West Point, New York	9	Oct 22, 2016	3:30 PM	Sat	Northern Illinois	44		Buffalo	7	Huskie Stadium - DeKalb, Illinois	9	Oct 22, 2016	12:00 PM	Sat	Northwestern	24		Indiana	14	Ryan Field - Evanston, Illinois	9	Oct 22, 2016	1:00 PM	Sat	Ohio	14	@	Kent State	10	Dix Stadium - Kent, Ohio	9	Oct 22, 2016	8:00 PM	Sat	(16) Oklahoma	66	@	Texas Tech	59	Jones AT&T Stadium - Lubbock, Texas	9	Oct 22, 2016	12:00 PM	Sat	Oklahoma State	44	@	Kansas	20	Memorial Stadium - Lawrence, Kansas	9	Oct 22, 2016	8:00 PM	Sat	Penn State	24		(2) Ohio State	21	Beaver Stadium - University Park, Pennsylvania	9	Oct 22, 2016	3:30 PM	Sat	Rice	65		Prairie View A&M	44	Rice Stadium - Houston, Texas	9	Oct 22, 2016	12:00 PM	Sat	South Carolina	34		Massachusetts	28	Williams-Brice Stadium - Columbia, South Carolina
9	Oct 22, 2016	7:00 PM	Sat	Southern Methodist	38		(11) Houston	16	Gerald J. Ford Stadium - Dallas, Texas	9	Oct 22, 2016	12:30 PM	Sat	Syracuse	28	@	Boston College	20	Alumni Stadium - Chestnut Hill, Massachusetts	9	Oct 22, 2016	7:00 PM	Sat	Texas-El Paso	52	@	Texas-San Antonio	49	Alamodome - San Antonio, Texas	9	Oct 22, 2016	12:00 PM	Sat	Toledo	31		Central Michigan	17	Glass Bowl - Toledo, Ohio	9	Oct 22, 2016	3:45 PM	Sat	Tulsa	50		Tulane	27	Skelly Field at H.A. Chapman Stadium - Tulsa, Oklahoma	9	Oct 22, 2016	4:00 PM	Sat	(19) Utah	52	@	UCLA	45	Rose Bowl - Pasadena, California	9	Oct 22, 2016	10:30 PM	Sat	Utah State	38		Fresno State	20	Merlin Olsen Field at Maverik Stadium - Logan, Utah	9	Oct 22, 2016	7:30 PM	Sat	Vanderbilt	35		Tennessee State	17	Vanderbilt Stadium - Nashville, Tennessee	9	Oct 22, 2016	6:30 PM	Sat	(5) Washington	41		Oregon State	17	Husky Stadium - Seattle, Washington	9	Oct 22, 2016	10:00 PM	Sat	Washington State	37	@	Arizona State	32	Sun Devil Stadium - Tempe, Arizona
9	Oct 22, 2016	3:30 PM	Sat	(12) West Virginia	34		Texas Christian	10	Milan Puskar Stadium - Morgantown, West Virginia	9	Oct 22, 2016	7:00 PM	Sat	Western Kentucky	59		Old Dominion	24	Houchens Industries-L.T. Smith Stadium - Bowling Green, Kentucky	9	Oct 22, 2016	3:30 PM	Sat	(20) Western Michigan	45		Eastern Michigan	31	Waldo Stadium - Kalamazoo, Michigan	9	Oct 22, 2016	12:00 PM	Sat	(10) Wisconsin	17	@	Iowa	9	Kinnick Stadium - Iowa City, Iowa	9	Oct 22, 2016	10:30 PM	Sat	Wyoming	42	@	Nevada	34	MacKay Stadium - Reno, Nevada	10	Oct 27, 2016	7:30 PM	Thu	Appalachian State	34	@	Georgia Southern	10	Allen E. Paulson Stadium - Statesboro, Georgia	10	Oct 27, 2016	7:30 PM	Thu	Buffalo	41		Akron	20	University of Buffalo Stadium - Buffalo, New York	10	Oct 27, 2016	7:30 PM	Thu	Ohio	31	@	Toledo	26	Glass Bowl - Toledo, Ohio	10	Oct 27, 2016	10:30 PM	Thu	Southern California	45		California	24	Los Angeles Memorial Coliseum - Los Angeles, California	10	Oct 27, 2016	7:00 PM	Thu	(25) Virginia Tech	39	@	Pittsburgh	36	Heinz Field - Pittsburgh, Pennsylvania
10	Oct 28, 2016	10:30 PM	Fri	Air Force	31	@	Fresno State	21	Bulldog Stadium - Fresno, California	10	Oct 28, 2016	8:00 PM	Fri	San Diego State	40	@	Utah State	13	Merlin Olsen Field at Maverik Stadium - Logan, Utah	10	Oct 28, 2016	7:00 PM	Fri	South Florida	52		(22) Navy	45	Raymond James Stadium - Tampa, Florida	10	Oct 29, 2016	7:00 PM	Sat	Arkansas State	51		Louisiana-Monroe	10	Centennial Bank Stadium - Jonesboro, Arkansas	10	Oct 29, 2016	3:30 PM	Sat	Army	21	@	Wake Forest	13	BB&T Field - Winston-Salem, North Carolina	10	Oct 29, 2016	7:15 PM	Sat	(15) Auburn	40	@	Mississippi	29	Vaught-Hemingway Stadium - Oxford, Mississippi	10	Oct 29, 2016	12:30 PM	Sat	Boston College	21	@	North Carolina State	14	Carter Finley Stadium - Raleigh, North Carolina	10	Oct 29, 2016	8:00 PM	Sat	(3) Clemson	37	@	(12) Florida State	34	Doak Campbell Stadium - Tallahassee, Florida	10	Oct 29, 2016	12:00 PM	Sat	East Carolina	41		Connecticut	3	Dowdy-Ficklen Stadium - Greenville, North Carolina	10	Oct 29, 2016	3:30 PM	Sat	(14) Florida	24	N	Georgia	10	EverBank Field - Jacksonville, Florida
10	Oct 29, 2016	12:00 PM	Sat	Georgia Tech	38		Duke	35	Bobby Dodd Stadium - Atlanta, Georgia	10	Oct 29, 2016	12:00 PM	Sat	Houston	31		Central Florida	24	TDECU Stadium - Houston, Texas	10	Oct 29, 2016	3:30 PM	Sat	Indiana	42		Maryland	36	Memorial Stadium - Bloomington, Indiana	10	Oct 29, 2016	12:00 PM	Sat	Kansas State	31	@	Iowa State	26	Jack Trice Stadium - Ames, Iowa	10	Oct 29, 2016	12:00 PM	Sat	Kent State	27	@	Central Michigan	24	Kelly/Shorts Stadium - Mount Pleasant, Michigan	10	Oct 29, 2016	12:00 PM	Sat	Kentucky	35	@	Missouri	21	Faurot Field - Columbia, Missouri	10	Oct 29, 2016	7:00 PM	Sat	Louisiana Tech	61		Rice	16	Joe Aillet Stadium - Ruston, Louisiana	10	Oct 29, 2016	12:00 PM	Sat	(5) Louisville	32	@	Virginia	25	Scott Stadium - Charlottesville, Virginia	10	Oct 29, 2016	12:00 PM	Sat	Massachusetts	34		Wagner	10	Warren McGuirk Alumni Stadium - Amherst, Massachusetts	10	Oct 29, 2016	3:30 PM	Sat	Miami (OH)	28	@	Eastern Michigan	15	Rynearson Stadium - Ypsilanti, Michigan
10	Oct 29, 2016	12:00 PM	Sat	(2) Michigan	32	@	Michigan State	23	Spartan Stadium - East Lansing, Michigan	10	Oct 29, 2016	7:00 PM	Sat	Middle Tennessee State	42	@	Florida International	35	FIU Stadium - Miami, Florida	10	Oct 29, 2016	12:00 PM	Sat	Minnesota	40	@	Illinois	17	Memorial Stadium - Champaign, Illinois	10	Oct 29, 2016	3:30 PM	Sat	Mississippi State	56		Samford	41	Davis Wade Stadium - Starkville, Mississippi	10	Oct 29, 2016	11:59 PM	Sat	New Mexico	28	@	Hawaii	21	Hawaiian Tel Federal Credit Union Field at Aloha Stadium - Honolulu, Hawaii	10	Oct 29, 2016	3:30 PM	Sat	Notre Dame	30		Miami (FL)	27	Notre Dame Stadium - South Bend, Indiana	10	Oct 29, 2016	3:30 PM	Sat	(6) Ohio State	24		Northwestern	20	Ohio Stadium - Columbus, Ohio	10	Oct 29, 2016	7:00 PM	Sat	(16) Oklahoma	56		Kansas	3	Gaylord Family - Oklahoma Memorial Stadium - Norman, Oklahoma	10	Oct 29, 2016	12:00 PM	Sat	Oklahoma State	37		(10) West Virginia	20	Boone Pickens Stadium - Stillwater, Oklahoma	10	Oct 29, 2016	8:00 PM	Sat	Old Dominion	31	@	Texas-El Paso	21	Sun Bowl Stadium - El Paso, Texas
10	Oct 29, 2016	5:00 PM	Sat	Oregon	54		Arizona State	35	Autzen Stadium - Eugene, Oregon	10	Oct 29, 2016	12:00 PM	Sat	(24) Penn State	62	@	Purdue	24	Ross-Ade Stadium - West Lafayette, Indiana	10	Oct 29, 2016	10:30 PM	Sat	San Jose State	30		Nevada-Las Vegas	24	CEFCU Stadium - San Jose, California	10	Oct 29, 2016	5:00 PM	Sat	South Alabama	13		Georgia State	10	Ladd-Peebles Stadium - Mobile, Alabama	10	Oct 29, 2016	7:15 PM	Sat	South Carolina	24		(18) Tennessee	21	Williams-Brice Stadium - Columbia, South Carolina	10	Oct 29, 2016	4:00 PM	Sat	Southern Methodist	35	@	Tulane	31	Yulman Stadium - New Orleans, Louisiana	10	Oct 29, 2016	7:00 PM	Sat	Southern Mississippi	24		Marshall	14	M.M. Roberts Stadium - Hattiesburg, Mississippi	10	Oct 29, 2016	11:00 PM	Sat	Stanford	34	@	Arizona	10	Arizona Stadium - Tucson, Arizona	10	Oct 29, 2016	3:30 PM	Sat	Temple	34		Cincinnati	13	Lincoln Financial Field - Philadelphia, Pennsylvania	10	Oct 29, 2016	3:30 PM	Sat	Texas	35		(8) Baylor	34	Darrell K Royal-Texas Memorial Stadium - Austin, Texas
10	Oct 29, 2016	7:30 PM	Sat	(9) Texas A&M	52		New Mexico State	10	Kyle Field - College Station, Texas	10	Oct 29, 2016	3:30 PM	Sat	Texas Tech	27	@	Texas Christian	24	Amon G. Carter Stadium - Fort Worth, Texas	10	Oct 29, 2016	7:00 PM	Sat	Texas-San Antonio	31		North Texas	17	Alamodome - San Antonio, Texas	10	Oct 29, 2016	8:00 PM	Sat	Tulsa	59	@	Memphis	30	Liberty Bowl Memorial Stadium - Memphis, Tennessee	10	Oct 29, 2016	3:30 PM	Sat	(4) Washington	31	@	(17) Utah	24	Rice-Eccles Stadium - Salt Lake City, Utah	10	Oct 29, 2016	10:45 PM	Sat	Washington State	35	@	Oregon State	31	Reser Stadium - Corvallis, Oregon	10	Oct 29, 2016	3:30 PM	Sat	Western Kentucky	52	@	Florida Atlantic	3	FAU Football Stadium - Boca Raton, Florida	10	Oct 29, 2016	7:00 PM	Sat	(11) Wisconsin	23		(7) Nebraska	17	Camp Randall Stadium - Madison, Wisconsin	10	Oct 29, 2016	7:00 PM	Sat	Wyoming	30		(13) Boise State	28	War Memorial Stadium - Laramie, Wyoming	11	Nov 1, 2016	8:00 PM	Tue	Northern Illinois	45		Bowling Green	20	Huskie Stadium - DeKalb, Illinois
11	Nov 1, 2016	8:00 PM	Tue	(17) Western Michigan	52	@	Ball State	20	Scheumann Stadium - Muncie, Indiana	11	Nov 2, 2016	7:30 PM	Wed	Toledo	48	@	Akron	17	InfoCision Stadium - Akron, Ohio	11	Nov 3, 2016	7:30 PM	Thu	Arkansas State	31	@	Georgia State	16	Georgia Dome - Atlanta, Georgia	11	Nov 3, 2016	9:00 PM	Thu	(21) Colorado	20		UCLA	10	Folsom Field - Boulder, Colorado	11	Nov 3, 2016		Thu	Ohio	34		Buffalo	10	Peden Stadium - Athens, Ohio	11	Nov 3, 2016	7:30 PM	Thu	(12) Oklahoma	34	@	Iowa State	24	Jack Trice Stadium - Ames, Iowa	11	Nov 4, 2016	10:15 PM	Fri	(24) Boise State	45		San Jose State	31	Albertsons Stadium - Boise, Idaho	11	Nov 4, 2016	6:00 PM	Fri	Miami (OH)	37		Central Michigan	17	Fred Yager Stadium - Oxford, Ohio	11	Nov 4, 2016	7:00 PM	Fri	Temple	21	@	Connecticut	0	Rentschler Field - East Hartford, Connecticut	11	Nov 5, 2016	12:00 PM	Sat	Air Force	31	@	Army	12	Michie Stadium - West Point, New York
11	Nov 5, 2016	8:00 PM	Sat	(1) Alabama	10	@	(15) Louisiana State	0	Tiger Stadium - Baton Rouge, Louisiana	11	Nov 5, 2016	3:30 PM	Sat	Appalachian State	35		Texas State	10	Kidd Brewer Stadium - Boone, North Carolina	11	Nov 5, 2016	3:30 PM	Sat	Arkansas	31		(10) Florida	10	Donald W. Reynolds Razorback Stadium - Fayetteville, Arkansas	11	Nov 5, 2016	12:00 PM	Sat	(11) Auburn	23		Vanderbilt	16	Jordan Hare Stadium - Auburn, Alabama	11	Nov 5, 2016	3:30 PM	Sat	Brigham Young	20	@	Cincinnati	3	Nippert Stadium - Cincinnati, Ohio	11	Nov 5, 2016	5:00 PM	Sat	Central Florida	37		Tulane	6	Bright House Networks Stadium - Orlando, Florida	11	Nov 5, 2016	3:30 PM	Sat	Charlotte	38	@	Southern Mississippi	27	M.M. Roberts Stadium - Hattiesburg, Mississippi	11	Nov 5, 2016		Sat	(3) Clemson	54		Syracuse	0	Clemson Memorial Stadium - Clemson, South Carolina	11	Nov 5, 2016	3:30 PM	Sat	Colorado State	37		Fresno State	0	Sonny Lubick Field at Hughes Stadium - Fort Collins, Colorado	11	Nov 5, 2016	3:30 PM	Sat	Florida Atlantic	42	@	Rice	25	Rice Stadium - Houston, Texas
11	Nov 5, 2016	7:00 PM	Sat	(19) Florida State	24	@	North Carolina State	20	Carter Finley Stadium - Raleigh, North Carolina	11	Nov 5, 2016	7:30 PM	Sat	Georgia	27	@	Kentucky	24	Commonwealth Stadium - Lexington, Kentucky	11	Nov 5, 2016	5:00 PM	Sat	Idaho	23	@	Louisiana	13	Cajun Field - Lafayette, Louisiana	11	Nov 5, 2016	12:00 PM	Sat	Illinois	31		Michigan State	27	Memorial Stadium - Champaign, Illinois	11	Nov 5, 2016	12:00 PM	Sat	Indiana	33	@	Rutgers	27	High Points Solutions Stadium - Piscataway, New Jersey	11	Nov 5, 2016	5:30 PM	Sat	Louisiana Tech	45	@	North Texas	24	Apogee Stadium - Denton, Texas	11	Nov 5, 2016	5:00 PM	Sat	Louisiana-Monroe	42		South Alabama	35	Malone Stadium - Monroe, Louisiana	11	Nov 5, 2016	12:00 PM	Sat	(5) Louisville	52	@	Boston College	7	Alumni Stadium - Chestnut Hill, Massachusetts	11	Nov 5, 2016	4:00 PM	Sat	Memphis	51	@	Southern Methodist	7	Gerald J. Ford Stadium - Dallas, Texas	11	Nov 5, 2016	12:30 PM	Sat	Miami (FL)	51		Pittsburgh	28	Hard Rock Stadium - Miami Gardens, Florida
11	Nov 5, 2016	3:30 PM	Sat	(2) Michigan	59		Maryland	3	Michigan Stadium - Ann Arbor, Michigan	11	Nov 5, 2016	3:30 PM	Sat	Minnesota	44		Purdue	31	TCF Bank Stadium - Minneapolis, Minnesota	11	Nov 5, 2016	12:00 PM	Sat	Mississippi	37		Georgia Southern	27	Vaught-Hemingway Stadium - Oxford, Mississippi	11	Nov 5, 2016	12:00 PM	Sat	Mississippi State	35		(7) Texas A&M	28	Davis Wade Stadium - Starkville, Mississippi	11	Nov 5, 2016	11:30 AM	Sat	Navy	28	N	Notre Dame	27	EverBank Field - Jacksonville, Florida	11	Nov 5, 2016	10:15 PM	Sat	New Mexico	35		Nevada	26	University Stadium - Albuquerque, New Mexico	11	Nov 5, 2016	12:30 PM	Sat	(18) North Carolina	48		Georgia Tech	20	Kenan Memorial Stadium - Chapel Hill, North Carolina	11	Nov 5, 2016	8:00 PM	Sat	(6) Ohio State	62		(9) Nebraska	3	Ohio Stadium - Columbus, Ohio	11	Nov 5, 2016	3:30 PM	Sat	(22) Oklahoma State	43	@	Kansas State	37	Bill Snyder Family Football Stadium - Manhattan, Kansas	11	Nov 5, 2016	7:00 PM	Sat	Old Dominion	38		Marshall	14	S.B. Ballard Stadium - Norfolk, Virginia
11	Nov 5, 2016	7:30 PM	Sat	(20) Penn State	41		Iowa	14	Beaver Stadium - University Park, Pennsylvania	11	Nov 5, 2016	7:00 PM	Sat	San Diego State	55		Hawaii	0	Qualcomm Stadium - San Diego, California	11	Nov 5, 2016	4:00 PM	Sat	South Carolina	31		Missouri	21	Williams-Brice Stadium - Columbia, South Carolina	11	Nov 5, 2016	7:00 PM	Sat	Southern California	45		Oregon	20	Los Angeles Memorial Coliseum - Los Angeles, California	11	Nov 5, 2016	3:30 PM	Sat	Stanford	26		Oregon State	15	Stanford Stadium - Stanford, California	11	Nov 5, 2016	4:00 PM	Sat	Tennessee	55		Tennessee Tech	0	Neyland Stadium - Knoxville, Tennessee	11	Nov 5, 2016	12:00 PM	Sat	Texas	45	@	Texas Tech	37	Jones AT&T Stadium - Lubbock, Texas	11	Nov 5, 2016	3:30 PM	Sat	Texas Christian	62	@	(13) Baylor	22	McLane Stadium - Waco, Texas	11	Nov 5, 2016		Sat	Texas-El Paso	42		Houston Baptist	10	Sun Bowl Stadium - El Paso, Texas	11	Nov 5, 2016	2:30 PM	Sat	Texas-San Antonio	45	@	Middle Tennessee State	25	Johnny "Red" Floyd Stadium - Murfreesboro, Tennessee
11	Nov 5, 2016	3:30 PM	Sat	Troy	52		Massachusetts	31	Veterans Memorial Stadium - Troy, Alabama	11	Nov 5, 2016	8:00 PM	Sat	Tulsa	45		East Carolina	24	Skelly Field at H.A. Chapman Stadium - Tulsa, Oklahoma	11	Nov 5, 2016	3:30 PM	Sat	(23) Virginia Tech	24	@	Duke	21	Wallace Wade Stadium - Durham, North Carolina	11	Nov 5, 2016	3:00 PM	Sat	Wake Forest	27		Virginia	20	BB&T Field - Winston-Salem, North Carolina	11	Nov 5, 2016	10:30 PM	Sat	(4) Washington	66	@	California	27	Memorial Stadium - Berkeley, California	11	Nov 5, 2016	4:00 PM	Sat	(25) Washington State	69		Arizona	7	Martin Stadium - Pullman, Washington	11	Nov 5, 2016	7:00 PM	Sat	(14) West Virginia	48		Kansas	21	Milan Puskar Stadium - Morgantown, West Virginia	11	Nov 5, 2016	5:30 PM	Sat	Western Kentucky	49		Florida International	21	Houchens Industries-L.T. Smith Stadium - Bowling Green, Kentucky	11	Nov 5, 2016	12:00 PM	Sat	(8) Wisconsin	21	@	Northwestern	7	Ryan Field - Evanston, Illinois	11	Nov 5, 2016	10:15 PM	Sat	Wyoming	52		Utah State	28	War Memorial Stadium - Laramie, Wyoming
12	Nov 8, 2016	7:00 PM	Tue	Eastern Michigan	48	@	Ball State	41	Scheumann Stadium - Muncie, Indiana	12	Nov 8, 2016	7:30 PM	Tue	(14) Western Michigan	37	@	Kent State	21	Dix Stadium - Kent, Ohio	12	Nov 9, 2016	8:00 PM	Wed	Bowling Green	38	@	Akron	28	InfoCision Stadium - Akron, Ohio	12	Nov 9, 2016	8:00 PM	Wed	Toledo	31	N	Northern Illinois	24	Guaranteed Rate Field - Chicago, Illinois	12	Nov 10, 2016	7:30 PM	Thu	Duke	28		(15) North Carolina	27	Wallace Wade Stadium - Durham, North Carolina	12	Nov 10, 2016	7:30 PM	Thu	Louisiana	33	@	Georgia Southern	26	Allen E. Paulson Stadium - Statesboro, Georgia	12	Nov 10, 2016	9:30 PM	Thu	(13) Utah	49	@	Arizona State	26	Sun Devil Stadium - Tempe, Arizona	12	Nov 11, 2016	7:30 PM	Fri	(20) Florida State	45		Boston College	7	Doak Campbell Stadium - Tallahassee, Florida	12	Nov 12, 2016	10:15 PM	Sat	Air Force	49		Colorado State	46	Falcon Stadium - Colorado Springs, Colorado	12	Nov 12, 2016	12:00 PM	Sat	(1) Alabama	51		Mississippi State	3	Bryant-Denny Stadium - Tuscaloosa, Alabama
12	Nov 12, 2016	3:00 PM	Sat	Arkansas State	41		New Mexico State	22	Centennial Bank Stadium - Jonesboro, Arkansas	12	Nov 12, 2016	7:00 PM	Sat	(24) Boise State	52	@	Hawaii	16	Hawaiian Tel Federal Credit Union Field at Aloha Stadium - Honolulu, Hawaii	12	Nov 12, 2016		Sat	Brigham Young	37		Southern Utah	7	Lavell Edwards Stadium - Provo, Utah	12	Nov 12, 2016	12:00 PM	Sat	Central Florida	24		Cincinnati	3	Spectrum Stadium - Orlando, Florida	12	Nov 12, 2016	10:00 PM	Sat	(16) Colorado	49	@	Arizona	24	Arizona Stadium - Tucson, Arizona	12	Nov 12, 2016	12:00 PM	Sat	(22) Florida	20		South Carolina	7	Ben Hill Griffin Stadium - Gainesville, Florida	12	Nov 12, 2016	6:00 PM	Sat	Florida Atlantic	35		Texas-El Paso	31	FAU Football Stadium - Boca Raton, Florida	12	Nov 12, 2016	3:30 PM	Sat	Georgia	13		(8) Auburn	7	Sanford Stadium - Athens, Georgia	12	Nov 12, 2016	3:30 PM	Sat	Georgia Tech	30	@	(18) Virginia Tech	20	Lane Stadium - Blacksburg, Virginia	12	Nov 12, 2016	3:30 PM	Sat	Houston	30		Tulane	18	TDECU Stadium - Houston, Texas
12	Nov 12, 2016	4:00 PM	Sat	Idaho	47	@	Texas State	14	Bobcat Stadium - San Marcos, Texas	12	Nov 12, 2016	8:00 PM	Sat	Iowa	14		(2) Michigan	13	Kinnick Stadium - Iowa City, Iowa	12	Nov 12, 2016	12:00 PM	Sat	Iowa State	31	@	Kansas	24	Memorial Stadium - Lawrence, Kansas	12	Nov 12, 2016	7:00 PM	Sat	(19) Louisiana State	38	@	Arkansas	10	Donald W. Reynolds Razorback Stadium - Fayetteville, Arkansas	12	Nov 12, 2016	3:30 PM	Sat	Louisiana Tech	63		Texas-San Antonio	35	Joe Aillet Stadium - Ruston, Louisiana	12	Nov 12, 2016	2:00 PM	Sat	Louisiana-Monroe	37	@	Georgia State	23	Georgia Dome - Atlanta, Georgia	12	Nov 12, 2016	7:00 PM	Sat	(5) Louisville	44		Wake Forest	12	Papa John's Cardinal Stadium - Louisville, Kentucky	12	Nov 12, 2016	7:00 PM	Sat	Marshall	42		Middle Tennessee State	17	Joan C. Edwards Stadium - Huntington, West Virginia	12	Nov 12, 2016	2:00 PM	Sat	Miami (FL)	34	@	Virginia	14	Scott Stadium - Charlottesville, Virginia	12	Nov 12, 2016	1:00 PM	Sat	Miami (OH)	35	@	Buffalo	24	University of Buffalo Stadium - Buffalo, New York
12	Nov 12, 2016	12:00 PM	Sat	Michigan State	49		Rutgers	0	Spartan Stadium - East Lansing, Michigan	12	Nov 12, 2016	7:30 PM	Sat	Mississippi	29	@	(10) Texas A&M	28	Kyle Field - College Station, Texas	12	Nov 12, 2016	3:30 PM	Sat	Missouri	26		Vanderbilt	17	Faurot Field - Columbia, Missouri	12	Nov 12, 2016	12:00 PM	Sat	Navy	42		Tulsa	40	Navy Marine Corps Memorial Stadium - Annapolis, Maryland	12	Nov 12, 2016	7:30 PM	Sat	(21) Nebraska	24		Minnesota	17	Memorial Stadium - Lincoln, Nebraska	12	Nov 12, 2016	3:30 PM	Sat	Nevada-Las Vegas	69		Wyoming	66	Sam Boyd Stadium - Las Vegas, Nevada	12	Nov 12, 2016	10:15 PM	Sat	New Mexico	24	@	Utah State	21	Merlin Olsen Field at Maverik Stadium - Logan, Utah	12	Nov 12, 2016	12:30 PM	Sat	North Carolina State	35	@	Syracuse	20	Carrier Dome - Syracuse, New York	12	Nov 12, 2016	12:00 PM	Sat	Northwestern	45	@	Purdue	17	Ross Ade Stadium - West Lafayette, Indiana	12	Nov 12, 2016	3:30 PM	Sat	Notre Dame	44	N	Army	6	Alamodome - San Antonio, Texas
12	Nov 12, 2016	3:30 PM	Sat	(6) Ohio State	62	@	Maryland	3	Maryland Stadium - College Park, Maryland	12	Nov 12, 2016	12:00 PM	Sat	(9) Oklahoma	45		(25) Baylor	24	Gaylord Family - Oklahoma Memorial Stadium - Norman, Oklahoma	12	Nov 12, 2016	3:30 PM	Sat	(17) Oklahoma State	45		Texas Tech	44	Boone Pickens Stadium - Stillwater, Oklahoma	12	Nov 12, 2016	3:30 PM	Sat	Old Dominion	51		Southern Mississippi	35	S.B. Ballard Stadium - Norfolk, Virginia	12	Nov 12, 2016	12:00 PM	Sat	(12) Penn State	45	@	Indiana	31	Memorial Stadium - Bloomington, Indiana	12	Nov 12, 2016	3:30 PM	Sat	Pittsburgh	43	@	(3) Clemson	42	Clemson Memorial Stadium - Clemson, South Carolina	12	Nov 12, 2016	2:00 PM	Sat	Rice	22	@	Charlotte	21	Jerry Richardson Stadium - Charlotte, North Carolina	12	Nov 12, 2016	10:30 PM	Sat	San Diego State	46	@	Nevada	16	MacKay Stadium - Reno, Nevada	12	Nov 12, 2016	7:00 PM	Sat	South Florida	49	@	Memphis	42	Liberty Bowl Memorial Stadium - Memphis, Tennessee	12	Nov 12, 2016	7:30 PM	Sat	Southern California	26	@	(4) Washington	13	Husky Stadium - Seattle, Washington
12	Nov 12, 2016	12:00 PM	Sat	Southern Methodist	55	@	East Carolina	31	Dowdy-Ficklen Stadium - Greenville, North Carolina	12	Nov 12, 2016	4:00 PM	Sat	Stanford	52	@	Oregon	27	Autzen Stadium - Eugene, Oregon	12	Nov 12, 2016	12:00 PM	Sat	Tennessee	49		Kentucky	36	Neyland Stadium - Knoxville, Tennessee	12	Nov 12, 2016	3:30 PM	Sat	Troy	28		Appalachian State	24	Veterans Memorial Stadium - Troy, Alabama	12	Nov 12, 2016	9:00 PM	Sat	UCLA	38		Oregon State	24	Rose Bowl - Pasadena, California	12	Nov 12, 2016	10:30 PM	Sat	(23) Washington State	56		California	21	Martin Stadium - Pullman, Washington	12	Nov 12, 2016	12:00 PM	Sat	(11) West Virginia	24	@	Texas	20	Darrell K Royal-Texas Memorial Stadium - Austin, Texas	12	Nov 12, 2016	3:30 PM	Sat	Western Kentucky	45		North Texas	7	Houchens Industries-L.T. Smith Stadium - Bowling Green, Kentucky	12	Nov 12, 2016	3:30 PM	Sat	(7) Wisconsin	48		Illinois	3	Camp Randall Stadium - Madison, Wisconsin	13	Nov 15, 2016	7:00 PM	Tue	Bowling Green	42		Kent State	7	Doyt L. Perry Stadium - Bowling Green, Ohio
13	Nov 15, 2016	7:00 PM	Tue	Central Michigan	27		Ohio	20	Kelly/Shorts Stadium - Mount Pleasant, Michigan	13	Nov 16, 2016	8:00 PM	Wed	Northern Illinois	31	@	Eastern Michigan	24	Rynearson Stadium - Ypsilanti, Michigan	13	Nov 16, 2016	7:00 PM	Wed	Toledo	37		Ball State	19	Glass Bowl - Toledo, Ohio	13	Nov 17, 2016	9:30 PM	Thu	Arkansas State	35	@	(25) Troy	3	Veterans Memorial Stadium - Troy, Alabama	13	Nov 17, 2016	8:00 PM	Thu	Houston	36		(3) Louisville	10	TDECU Stadium - Houston, Texas	13	Nov 18, 2016	9:00 PM	Fri	(22) Boise State	42		Nevada-Las Vegas	25	Albertsons Stadium - Boise, Idaho	13	Nov 18, 2016	8:00 PM	Fri	Memphis	34	@	Cincinnati	7	Nippert Stadium - Cincinnati, Ohio	13	Nov 19, 2016	10:30 PM	Sat	Air Force	41	@	San Jose State	38	CEFCU Stadium - San Jose, California	13	Nov 19, 2016	7:00 PM	Sat	(1) Alabama	31		Chattanooga	3	Bryant-Denny Stadium - Tuscaloosa, Alabama	13	Nov 19, 2016	2:30 PM	Sat	Appalachian State	42		Louisiana-Monroe	17	Kidd Brewer Stadium - Boone, North Carolina
13	Nov 19, 2016	7:00 PM	Sat	Arkansas	58	@	Mississippi State	42	Davis Wade Stadium - Starkville, Mississippi	13	Nov 19, 2016	12:00 PM	Sat	Army	60		Morgan State	3	Michie Stadium - West Point, New York	13	Nov 19, 2016	7:30 PM	Sat	(18) Auburn	55		Alabama A&M	0	Jordan Hare Stadium - Auburn, Alabama	13	Nov 19, 2016	1:00 PM	Sat	Boston College	30		Connecticut	0	Alumni Stadium - Chestnut Hill, Massachusetts	13	Nov 19, 2016		Sat	Brigham Young	51		Massachusetts	9	Lavell Edwards Stadium - Provo, Utah	13	Nov 19, 2016	7:00 PM	Sat	(5) Clemson	35	@	Wake Forest	13	BB&T Field - Winston-Salem, North Carolina	13	Nov 19, 2016	3:30 PM	Sat	(12) Colorado	38		(20) Washington State	24	Folsom Field - Boulder, Colorado	13	Nov 19, 2016	10:15 PM	Sat	Colorado State	49		New Mexico	31	Sonny Lubick Field at Hughes Stadium - Fort Collins, Colorado	13	Nov 19, 2016	1:00 PM	Sat	(21) Florida	16	@	(16) Louisiana State	10	Tiger Stadium - Baton Rouge, Louisiana	13	Nov 19, 2016	7:00 PM	Sat	Florida International	31		Marshall	14	FIU Stadium - Miami, Florida
13	Nov 19, 2016	3:30 PM	Sat	(17) Florida State	45	@	Syracuse	14	Carrier Dome - Syracuse, New York	13	Nov 19, 2016	12:00 PM	Sat	Georgia	35		Louisiana	21	Sanford Stadium - Athens, Georgia	13	Nov 19, 2016	2:00 PM	Sat	Georgia State	30		Georgia Southern	24	Georgia Dome - Atlanta, Georgia	13	Nov 19, 2016	12:30 PM	Sat	Georgia Tech	31		Virginia	17	Bobby Dodd Stadium - Atlanta, Georgia	13	Nov 19, 2016	7:00 PM	Sat	Hawaii	14	@	Fresno State	13	Bulldog Stadium - Fresno, California	13	Nov 19, 2016	12:00 PM	Sat	Iowa	28	@	Illinois	0	Memorial Stadium - Champaign, Illinois	13	Nov 19, 2016	3:30 PM	Sat	Iowa State	66		Texas Tech	10	Jack Trice Stadium - Ames, Iowa	13	Nov 19, 2016	3:30 PM	Sat	Kansas	24		Texas	21	Memorial Stadium - Lawrence, Kansas	13	Nov 19, 2016	12:00 PM	Sat	Kansas State	42	@	Baylor	21	McLane Stadium - Waco, Texas	13	Nov 19, 2016	4:30 PM	Sat	Kentucky	49		Austin Peay	13	Commonwealth Stadium - Lexington, Kentucky
13	Nov 19, 2016	12:30 PM	Sat	Miami (FL)	27	@	North Carolina State	13	Carter Finley Stadium - Raleigh, North Carolina	13	Nov 19, 2016	3:30 PM	Sat	(4) Michigan	20		Indiana	10	Michigan Stadium - Ann Arbor, Michigan	13	Nov 19, 2016	2:00 PM	Sat	Middle Tennessee State	38	@	Charlotte	31	Jerry Richardson Stadium - Charlotte, North Carolina	13	Nov 19, 2016	3:30 PM	Sat	Minnesota	29		Northwestern	12	TCF Bank Stadium - Minneapolis, Minnesota	13	Nov 19, 2016	4:00 PM	Sat	Navy	66	@	East Carolina	31	Dowdy-Ficklen Stadium - Greenville, North Carolina	13	Nov 19, 2016	12:00 PM	Sat	(19) Nebraska	28		Maryland	7	Memorial Stadium - Lincoln, Nebraska	13	Nov 19, 2016	4:00 PM	Sat	Nevada	38		Utah State	37	MacKay Stadium - Reno, Nevada	13	Nov 19, 2016	4:00 PM	Sat	New Mexico State	50		Texas State	10	Aggie Memorial Stadium - Las Cruces, New Mexico	13	Nov 19, 2016	3:30 PM	Sat	North Carolina	41		Citadel	7	Kenan Memorial Stadium - Chapel Hill, North Carolina	13	Nov 19, 2016	5:30 PM	Sat	North Texas	29		Southern Mississippi	23	Apogee Stadium - Denton, Texas
13	Nov 19, 2016	12:00 PM	Sat	(2) Ohio State	17	@	Michigan State	16	Spartan Stadium - East Lansing, Michigan	13	Nov 19, 2016	8:00 PM	Sat	(8) Oklahoma	56	@	(10) West Virginia	28	Milan Puskar Stadium - Morgantown, West Virginia	13	Nov 19, 2016	12:00 PM	Sat	(13) Oklahoma State	31	@	Texas Christian	6	Amon G. Carter Stadium - Fort Worth, Texas	13	Nov 19, 2016	6:00 PM	Sat	Old Dominion	42	@	Florida Atlantic	24	FAU Football Stadium - Boca Raton, Florida	13	Nov 19, 2016	2:00 PM	Sat	Oregon	30	@	(11) Utah	28	Rice-Eccles Stadium - Salt Lake City, Utah	13	Nov 19, 2016	10:30 PM	Sat	Oregon State	42		Arizona	17	Reser Stadium - Corvallis, Oregon	13	Nov 19, 2016	8:00 PM	Sat	(9) Penn State	39	@	Rutgers	0	High Point Solutions Stadium - Piscataway, New Jersey	13	Nov 19, 2016	3:00 PM	Sat	Pittsburgh	56		Duke	14	Heinz Field - Pittsburgh, Pennsylvania	13	Nov 19, 2016	12:00 PM	Sat	Rice	44		Texas-El Paso	24	Rice Stadium - Houston, Texas	13	Nov 19, 2016	7:00 PM	Sat	South Alabama	31		Presbyterian	7	Ladd-Peebles Stadium - Mobile, Alabama
13	Nov 19, 2016	4:00 PM	Sat	South Carolina	44		Western Carolina	31	Williams-Brice Stadium - Columbia, South Carolina	13	Nov 19, 2016	7:00 PM	Sat	South Florida	35	@	Southern Methodist	27	Gerald J. Ford Stadium - Dallas, Texas	13	Nov 19, 2016	10:30 PM	Sat	(15) Southern California	36	@	UCLA	14	Rose Bowl - Pasadena, California	13	Nov 19, 2016	5:30 PM	Sat	Stanford	45	@	California	31	Memorial Stadium - Berkeley, California	13	Nov 19, 2016	3:30 PM	Sat	Temple	31	@	Tulane	0	Yulman Stadium - New Orleans, Louisiana	13	Nov 19, 2016	3:30 PM	Sat	Tennessee	63		Missouri	37	Neyland Stadium - Knoxville, Tennessee	13	Nov 19, 2016		Sat	(23) Texas A&M	23		Texas-San Antonio	10	Kyle Field - College Station, Texas	13	Nov 19, 2016	8:00 PM	Sat	Tulsa	35	@	Central Florida	20	Bright House Networks Stadium - Orlando, Florida	13	Nov 19, 2016	8:00 PM	Sat	Vanderbilt	38		Mississippi	17	Vanderbilt Stadium - Nashville, Tennessee	13	Nov 19, 2016	3:30 PM	Sat	Virginia Tech	34	@	Notre Dame	31	Notre Dame Stadium - South Bend, Indiana
13	Nov 19, 2016	7:30 PM	Sat	(7) Washington	44		Arizona State	18	Husky Stadium - Seattle, Washington	13	Nov 19, 2016	3:30 PM	Sat	(14) Western Michigan	38		Buffalo	0	Waldo Stadium - Kalamazoo, Michigan	13	Nov 19, 2016	12:00 PM	Sat	(6) Wisconsin	49	@	Purdue	20	Ross Ade Stadium - West Lafayette, Indiana	13	Nov 19, 2016	3:30 PM	Sat	Wyoming	34		(24) San Diego State	33	War Memorial Stadium - Laramie, Wyoming	14	Nov 22, 2016	7:00 PM	Tue	Eastern Michigan	26		Central Michigan	21	Rynearson Stadium - Ypsilanti, Michigan	14	Nov 22, 2016	7:00 PM	Tue	Miami (OH)	21		Ball State	20	Fred Yager Stadium - Oxford, Ohio	14	Nov 22, 2016	7:00 PM	Tue	Ohio	9		Akron	3	Peden Stadium - Athens, Ohio	14	Nov 24, 2016		Thu	(25) Louisiana State	54	@	(22) Texas A&M	39	Kyle Field - College Station, Texas	14	Nov 25, 2016	3:30 PM	Fri	Air Force	27		(20) Boise State	20	Falcon Stadium - Colorado Springs, Colorado	14	Nov 25, 2016	9:30 PM	Fri	Arizona	56		Arizona State	35	Arizona Stadium - Tucson, Arizona
14	Nov 25, 2016	2:30 PM	Fri	Bowling Green	27		Buffalo	19	Doyt L. Perry Stadium - Bowling Green, Ohio	14	Nov 25, 2016	3:30 PM	Fri	Iowa	40		(17) Nebraska	10	Kinnick Stadium - Iowa City, Iowa	14	Nov 25, 2016	12:00 PM	Fri	Memphis	48		(18) Houston	44	Liberty Bowl Memorial Stadium - Memphis, Tennessee	14	Nov 25, 2016	2:30 PM	Fri	Missouri	28		Arkansas	24	Faurot Field - Columbia, Missouri	14	Nov 25, 2016	12:00 PM	Fri	North Carolina State	28	@	North Carolina	21	Kenan Memorial Stadium - Chapel Hill, North Carolina	14	Nov 25, 2016	12:00 PM	Fri	Northern Illinois	31	@	Kent State	21	Dix Stadium - Kent, Ohio	14	Nov 25, 2016	4:00 PM	Fri	Southern Mississippi	39		Louisiana Tech	24	M.M. Roberts Stadium - Hattiesburg, Mississippi	14	Nov 25, 2016	3:30 PM	Fri	Texas Christian	31	@	Texas	9	Darrell K Royal-Texas Memorial Stadium - Austin, Texas	14	Nov 25, 2016	6:00 PM	Fri	Texas Tech	54	N	Baylor	35	AT&T Stadium - Arlington, Texas	14	Nov 25, 2016	8:30 PM	Fri	Tulsa	40		Cincinnati	37	Skelly Field at H.A. Chapman Stadium - Tulsa, Oklahoma
14	Nov 25, 2016	3:30 PM	Fri	(6) Washington	45	@	(23) Washington State	17	Martin Stadium - Pullman, Washington	14	Nov 25, 2016	5:00 PM	Fri	(14) Western Michigan	55		Toledo	35	Waldo Stadium - Kalamazoo, Michigan	14	Nov 26, 2016	3:30 PM	Sat	(1) Alabama	30		(16) Auburn	12	Bryant-Denny Stadium - Tuscaloosa, Alabama	14	Nov 26, 2016	4:00 PM	Sat	Appalachian State	37	@	New Mexico State	7	Aggie Memorial Stadium - Las Cruces, New Mexico	14	Nov 26, 2016	3:00 PM	Sat	Boston College	17	@	Wake Forest	14	BB&T Field - Winston-Salem, North Carolina	14	Nov 26, 2016	10:15 PM	Sat	Brigham Young	28		Utah State	10	Lavell Edwards Stadium - Provo, Utah	14	Nov 26, 2016	7:00 PM	Sat	California	36		UCLA	10	Memorial Stadium - Berkeley, California	14	Nov 26, 2016		Sat	(4) Clemson	56		South Carolina	7	Clemson Memorial Stadium - Clemson, South Carolina	14	Nov 26, 2016	7:30 PM	Sat	(9) Colorado	27		(21) Utah	22	Folsom Field - Boulder, Colorado	14	Nov 26, 2016	9:00 PM	Sat	Colorado State	63	@	San Diego State	31	Qualcomm Stadium - San Diego, California
14	Nov 26, 2016	8:00 PM	Sat	(15) Florida State	31		(13) Florida	13	Doak Campbell Stadium - Tallahassee, Florida	14	Nov 26, 2016	12:00 PM	Sat	Georgia Tech	28	@	Georgia	27	Sanford Stadium - Athens, Georgia	14	Nov 26, 2016	11:00 PM	Sat	Hawaii	46		Massachusetts	40	Hawaiian Tel Federal Credit Union Field at Aloha Stadium - Honolulu, Hawaii	14	Nov 26, 2016	3:30 PM	Sat	Idaho	38		South Alabama	31	Kibbie Dome - Moscow, Idaho	14	Nov 26, 2016	12:00 PM	Sat	Indiana	26		Purdue	24	Memorial Stadium - Bloomington, Indiana	14	Nov 26, 2016	12:00 PM	Sat	Kansas State	34		Kansas	19	Bill Snyder Family Football Stadium - Manhattan, Kansas	14	Nov 26, 2016	12:00 PM	Sat	Kentucky	41	@	(11) Louisville	38	Papa John's Cardinal Stadium - Louisville, Kentucky	14	Nov 26, 2016	12:00 PM	Sat	Louisiana	24		Arkansas State	19	Cajun Field - Lafayette, Louisiana	14	Nov 26, 2016	12:00 PM	Sat	Maryland	31		Rutgers	13	Maryland Stadium - College Park, Maryland	14	Nov 26, 2016	3:30 PM	Sat	Miami (FL)	40		Duke	21	Hard Rock Stadium - Miami Gardens, Florida
14	Nov 26, 2016	5:30 PM	Sat	Middle Tennessee State	77		Florida Atlantic	56	Johnny "Red" Floyd Stadium - Murfreesboro, Tennessee	14	Nov 26, 2016	3:30 PM	Sat	Mississippi State	55	@	Mississippi	20	Vaught-Hemingway Stadium - Oxford, Mississippi	14	Nov 26, 2016	3:30 PM	Sat	Navy	75	@	Southern Methodist	31	Gerald J. Ford Stadium - Dallas, Texas	14	Nov 26, 2016	4:00 PM	Sat	Nevada	45	@	Nevada-Las Vegas	10	Sam Boyd Stadium - Las Vegas, Nevada	14	Nov 26, 2016	10:15 PM	Sat	New Mexico	56		Wyoming	35	University Stadium - Albuquerque, New Mexico	14	Nov 26, 2016	12:00 PM	Sat	Northwestern	42		Illinois	21	Ryan Field - Evanston, Illinois	14	Nov 26, 2016	12:00 PM	Sat	(2) Ohio State	30		(3) Michigan	27	Ohio Stadium - Columbus, Ohio	14	Nov 26, 2016	3:30 PM	Sat	Old Dominion	42		Florida International	28	S.B. Ballard Stadium - Norfolk, Virginia	14	Nov 26, 2016	4:00 PM	Sat	Oregon State	34		Oregon	24	Reser Stadium - Corvallis, Oregon	14	Nov 26, 2016	3:30 PM	Sat	(8) Penn State	45		Michigan State	12	Beaver Stadium - University Park, Pennsylvania
14	Nov 26, 2016	12:30 PM	Sat	Pittsburgh	76		Syracuse	61	Heinz Field - Pittsburgh, Pennsylvania	14	Nov 26, 2016	3:30 PM	Sat	San Jose State	16	@	Fresno State	14	Bulldog Stadium - Fresno, California	14	Nov 26, 2016	12:00 PM	Sat	South Florida	48		Central Florida	31	Raymond James Stadium - Tampa, Florida	14	Nov 26, 2016	3:30 PM	Sat	(12) Southern California	45		Notre Dame	27	Los Angeles Memorial Coliseum - Los Angeles, California	14	Nov 26, 2016	8:00 PM	Sat	Stanford	41		Rice	17	Stanford Stadium - Stanford, California	14	Nov 26, 2016	7:30 PM	Sat	Temple	37		East Carolina	10	Lincoln Financial Field - Philadelphia, Pennsylvania	14	Nov 26, 2016	4:00 PM	Sat	Texas-El Paso	52		North Texas	24	Sun Bowl Stadium - El Paso, Texas	14	Nov 26, 2016	7:00 PM	Sat	Texas-San Antonio	33		Charlotte	14	Alamodome - San Antonio, Texas	14	Nov 26, 2016	4:00 PM	Sat	Troy	40	@	Texas State	7	Bobcat Stadium - San Marcos, Texas	14	Nov 26, 2016	4:00 PM	Sat	Tulane	38	@	Connecticut	13	Rentschler Field - East Hartford, Connecticut
14	Nov 26, 2016	7:30 PM	Sat	Vanderbilt	45		(24) Tennessee	34	Vanderbilt Stadium - Nashville, Tennessee	14	Nov 26, 2016	12:00 PM	Sat	Virginia Tech	52		Virginia	10	Lane Stadium - Blacksburg, Virginia	14	Nov 26, 2016	3:30 PM	Sat	(19) West Virginia	49	@	Iowa State	19	Jack Trice Stadium - Ames, Iowa	14	Nov 26, 2016	7:00 PM	Sat	Western Kentucky	60	@	Marshall	6	Joan C. Edwards Stadium - Huntington, West Virginia	14	Nov 26, 2016	3:30 PM	Sat	(5) Wisconsin	31		Minnesota	17	Camp Randall Stadium - Madison, Wisconsin	15	Dec 2, 2016	9:00 PM	Fri	(4) Washington	41	N	(9) Colorado	10	Pac-12 Championship (Santa Clara, CA)	15	Dec 2, 2016	7:00 PM	Fri	(13) Western Michigan	29	N	Ohio	23	MAC Championship (Detroit, MI)	15	Dec 3, 2016	4:00 PM	Sat	(1) Alabama	54	N	(15) Florida	16	SEC Championship (Atlanta, GA)	15	Dec 3, 2016	7:30 PM	Sat	Arkansas State	36	@	Texas State	14	Bobcat Stadium - San Marcos, Texas	15	Dec 3, 2016	8:00 PM	Sat	(3) Clemson	42	N	(19) Virginia Tech	35	ACC Championship (Orlando, FL)
15	Dec 3, 2016	12:00 PM	Sat	Georgia Southern	28		Troy	24	Allen E. Paulson Stadium - Statesboro, Georgia	15	Dec 3, 2016	5:00 PM	Sat	Idaho	37		Georgia State	12	Kibbie Dome - Moscow, Idaho	15	Dec 3, 2016	12:00 PM	Sat	Kansas State	30	@	Texas Christian	6	Amon G. Carter Stadium - Fort Worth, Texas	15	Dec 3, 2016	3:00 PM	Sat	Louisiana	30	@	Louisiana-Monroe	3	Malone Stadium - Monroe, Louisiana	15	Dec 3, 2016	12:30 PM	Sat	(7) Oklahoma	38		(11) Oklahoma State	20	Gaylord Family - Oklahoma Memorial Stadium - Norman, Oklahoma	15	Dec 3, 2016	8:00 PM	Sat	(8) Penn State	38	N	(6) Wisconsin	31	Big Ten Championship (Indianapolis, IN)	15	Dec 3, 2016	7:45 PM	Sat	San Diego State	27	@	Wyoming	24	MWC Championship (Laramie, WY)	15	Dec 3, 2016	1:00 PM	Sat	South Alabama	35		New Mexico State	28	Ladd-Peebles Stadium - Mobile, Alabama	15	Dec 3, 2016	12:00 PM	Sat	Temple	34	@	(20) Navy	10	American Athletic Conference Championship (Annapolis, MD)	15	Dec 3, 2016	3:30 PM	Sat	(14) West Virginia	24		Baylor	21	Milan Puskar Stadium - Morgantown, West Virginia
15	Dec 3, 2016	12:00 PM	Sat	Western Kentucky	58		Louisiana Tech	44	Conference USA Championship (Bowling Green, KY)	16	Dec 10, 2016	3:00 PM	Sat	Army	21	N	Navy	17	M&T Bank Stadium - Baltimore, Maryland	17	Dec 17, 2016	5:30 PM	Sat	Appalachian State	31	N	Toledo	28	Raycom Media Camellia Bowl (Montgomery, AL)	17	Dec 17, 2016	5:30 PM	Sat	Arkansas State	31	N	Central Florida	13	Cure Bowl (Camping World Stadium - Orlando, Florida)	17	Dec 17, 2016	2:00 PM	Sat	New Mexico	23	N	Texas-San Antonio	20	New Mexico Bowl (University Stadium - Albuquerque, New Mexico)	17	Dec 17, 2016	3:30 PM	Sat	San Diego State	34	N	Houston	10	Las Vegas Bowl (Sam Boyd Stadium - Las Vegas, Nevada)	17	Dec 17, 2016	9:00 PM	Sat	Southern Mississippi	28	N	Louisiana	21	New Orleans Bowl (Mercedes-Benz Superdome - New Orleans, Louisiana)	17	Dec 19, 2016	2:30 PM	Mon	Tulsa	55	N	Central Michigan	10	Miami Beach Bowl (Marlins Park - Miami, Florida)	18	Dec 20, 2016	7:00 PM	Tue	Western Kentucky	51	N	Memphis	31	Boca Raton Bowl (FAU Football Stadium - Boca Raton, Florida)	18	Dec 21, 2016	9:00 PM	Wed	Brigham Young	24	N	Wyoming	21	Poinsettia Bowl (Qualcomm Stadium - San Diego, California)
18	Dec 22, 2016	7:00 PM	Thu	Idaho	61	N	Colorado State	50	Famous Idaho Potato Bowl (Albertsons Stadium - Boise, Idaho)	18	Dec 23, 2016	4:30 PM	Fri	Louisiana Tech	48	N	Navy	45	Armed Forces Bowl (Amon G. Carter Stadium - Fort Worth, Texas)	18	Dec 23, 2016	1:00 PM	Fri	Old Dominion	24	N	Eastern Michigan	20	Popeyes Bahamas Bowl (Thomas A. Robinson Stadium - Nassau, Bahamas)	18	Dec 23, 2016	8:00 PM	Fri	Troy	28	N	Ohio	23	Dollar General Bowl (Ladd-Peebles Stadium - Mobile, Alabama)	18	Dec 24, 2016	8:00 PM	Sat	Hawaii	52	N	Middle Tennessee State	35	Hawaii Bowl (Hawaiian Tel Federal Credit Union Field at Aloha Stadium - Honolulu, Hawaii)	18	Dec 26, 2016	2:30 PM	Mon	Boston College	36	N	Maryland	30	Quick Lane Bowl (Ford Field - Detroit, Michigan)	18	Dec 26, 2016	11:00 AM	Mon	Mississippi State	17	N	Miami (OH)	16	St. Petersburg Bowl (Tropicana Field - St. Petersburg, Florida)	18	Dec 26, 2016	5:00 PM	Mon	North Carolina State	41	N	Vanderbilt	17	Independence Bowl (Independence Stadium - Shreveport, Louisiana)	19	Dec 27, 2016	12:00 PM	Tue	Army	38	N	North Texas	31	Heart of Dallas Bowl (Dallas, TX)	19	Dec 27, 2016	10:15 PM	Tue	Baylor	31	N	Boise State	12	Cactus Bowl (Chase Field - Phoenix, Arizona)
19	Dec 27, 2016	7:00 PM	Tue	Minnesota	17	N	Washington State	12	Holiday Bowl (Qualcomm Stadium - San Diego, California)	19	Dec 27, 2016	3:30 PM	Tue	Wake Forest	34	N	(23) Temple	26	Military Bowl (Navy Marine Corps Memorial Stadium - Annapolis, Maryland)	19	Dec 28, 2016	9:00 PM	Wed	Kansas State	33	N	Texas A&M	28	Texas Bowl (NRG Stadium - Houston, Texas)	19	Dec 28, 2016	5:30 PM	Wed	Miami (FL)	31	N	(14) West Virginia	14	Russell Athletic Bowl (Camping World Stadium - Orlando, Florida)	19	Dec 28, 2016	2:00 PM	Wed	Northwestern	31	N	(22) Pittsburgh	24	Pinstripe Bowl (Yankee Stadium - Bronx, New York)	19	Dec 28, 2016	8:30 PM	Wed	Utah	26	N	Indiana	24	Foster Farms Bowl (Levi's Stadium - Santa Clara, California)	19	Dec 29, 2016	9:00 PM	Thu	(13) Oklahoma State	38	N	(11) Colorado	8	Alamo Bowl (Alamodome - San Antonio, Texas)	19	Dec 29, 2016	2:00 PM	Thu	(25) South Florida	46	N	South Carolina	39	Birmingham Bowl (Legion Field - Birmingham, Alabama)	19	Dec 29, 2016	5:30 PM	Thu	(18) Virginia Tech	35	N	Arkansas	24	Belk Bowl (Bank of America Stadium - Charlotte, North Carolina)	19	Dec 30, 2016	5:30 PM	Fri	Air Force	45	N	South Alabama	21	Arizona Bowl (Arizona Stadium - Tucson, Arizona)
19	Dec 30, 2016	8:00 PM	Fri	(10) Florida State	33	N	(6) Michigan	32	Orange Bowl (Hard Rock Stadium - Miami Gardens, Florida)	19	Dec 30, 2016	12:00 PM	Fri	Georgia	31	N	Texas Christian	23	Liberty Bowl (Liberty Bowl Memorial Stadium - Memphis, Tennessee)	19	Dec 30, 2016	2:00 PM	Fri	(16) Stanford	25	N	North Carolina	23	Sun Bowl (Sun Bowl Stadium - El Paso, Texas)	19	Dec 30, 2016	3:30 PM	Fri	Tennessee	38	N	(24) Nebraska	24	Music City Bowl (Nissan Stadium - Nashville, Tennessee)	19	Dec 31, 2016	3:00 PM	Sat	(1) Alabama	24	N	(4) Washington	7	Peach Bowl (Georgia Dome - Atlanta, Georgia)	19	Dec 31, 2016	7:00 PM	Sat	(3) Clemson	31	N	(2) Ohio State	0	Fiesta Bowl (University of Phoenix Stadium - Glendale, Arizona)	19	Dec 31, 2016	11:00 AM	Sat	Georgia Tech	33	N	Kentucky	18	TaxSlayer Bowl (EverBank Field - Jacksonville, Florida)	19	Dec 31, 2016	11:00 AM	Sat	(19) Louisiana State	29	N	(15) Louisville	9	Citrus Bowl (Camping World Stadium - Orlando, Florida)	20	Jan 2, 2017	1:00 PM	Mon	(20) Florida	30	N	(21) Iowa	3	Outback Bowl (Raymond James Stadium - Tampa, Florida)	20	Jan 2, 2017	8:50 PM	Mon	(7) Oklahoma	35	N	(17) Auburn	19	Sugar Bowl (Mercedes-Benz Superdome - New Orleans, Louisiana)
